INFO: [HLS 200-10] Running '/daqfs/Xilinx/Vitis_HLS/2023.2/bin/unwrapped/lnx64.o/vitis_hls'
INFO: [HLS 200-10] For user 'hanjie' on host 'indra-s1.jlab.org' (Linux_x86_64 version 3.10.0-862.14.4.el7.x86_64) on Sun Feb 16 12:28:01 EST 2025
INFO: [HLS 200-10] In directory '/daqfs/home/hanjie/Desktop/GEp/SBS_GEp_trigger'
INFO: [HLS 200-2053] The vitis_hls executable is being deprecated. Consider using vitis-run --mode hls --tcl
Sourcing Tcl script '/daqfs/home/hanjie/Desktop/GEp/SBS_GEp_trigger/GEp_trigger/solution1/csynth.tcl'
INFO: [HLS 200-1510] Running: source /daqfs/home/hanjie/Desktop/GEp/SBS_GEp_trigger/GEp_trigger/solution1/csynth.tcl
INFO: [HLS 200-1510] Running: open_project GEp_trigger 
INFO: [HLS 200-10] Opening project '/daqfs/home/hanjie/Desktop/GEp/SBS_GEp_trigger/GEp_trigger'.
INFO: [HLS 200-1510] Running: set_top hcal_cluster_hls 
INFO: [HLS 200-1510] Running: add_files hcal_cluster_hls.cpp 
INFO: [HLS 200-10] Adding design file 'hcal_cluster_hls.cpp' to the project
INFO: [HLS 200-1510] Running: add_files -tb hcal_cluster_hls_tb.cpp -cflags -Wno-unknown-pragmas 
INFO: [HLS 200-10] Adding test bench file 'hcal_cluster_hls_tb.cpp' to the project
INFO: [HLS 200-1510] Running: open_solution solution1 -flow_target vivado 
INFO: [HLS 200-10] Opening solution '/daqfs/home/hanjie/Desktop/GEp/SBS_GEp_trigger/GEp_trigger/solution1'.
INFO: [SYN 201-201] Setting up clock 'default' with a period of 32ns.
INFO: [HLS 200-1611] Setting target device to 'xc7vx550t-ffg1927-1'
INFO: [HLS 200-1505] Using flow_target 'vivado'
Resolution: For help on HLS 200-1505 see docs.xilinx.com/access/sources/dita/topic?Doc_Version=2023.2%20English&url=ug1448-hls-guidance&resourceid=200-1505.html
INFO: [HLS 200-1510] Running: set_part xc7vx550t-ffg1927-1 
INFO: [HLS 200-1510] Running: create_clock -period 32 -name default 
INFO: [HLS 200-1510] Running: source ./GEp_trigger/solution1/directives.tcl
INFO: [HLS 200-1510] Running: set_directive_pipeline -II 1 -style flp hcal_cluster_hls 
INFO: [HLS 200-1510] Running: set_directive_top -name hcal_cluster_hls hcal_cluster_hls 
INFO: [HLS 200-1510] Running: csynth_design 
INFO: [HLS 200-111] Finished File checks and directory preparation: CPU user time: 0.08 seconds. CPU system time: 0.02 seconds. Elapsed time: 0.1 seconds; current allocated memory: 409.359 MB.
INFO: [HLS 200-10] Analyzing design file 'hcal_cluster_hls.cpp' ... 
INFO: [HLS 200-111] Finished Source Code Analysis and Preprocessing: CPU user time: 3.64 seconds. CPU system time: 0.64 seconds. Elapsed time: 5.72 seconds; current allocated memory: 409.359 MB.
INFO: [HLS 200-777] Using interface defaults for 'Vivado' flow target.
INFO: [HLS 200-1995] There were 10,993 instructions in the design after the 'Compile/Link' phase of compilation. See the Design Size Report for more details: /daqfs/home/hanjie/Desktop/GEp/SBS_GEp_trigger/GEp_trigger/solution1/syn/report/csynth_design_size.rpt
WARNING: [HLS 200-1995] There were 709,087 instructions in the design after the 'Unroll/Inline' phase of compilation. See the Design Size Report for more details: /daqfs/home/hanjie/Desktop/GEp/SBS_GEp_trigger/GEp_trigger/solution1/syn/report/csynth_design_size.rpt
WARNING: [HLS 200-1995] There were 424,719 instructions in the design after the 'Unroll/Inline (step 2)' phase of compilation. See the Design Size Report for more details: /daqfs/home/hanjie/Desktop/GEp/SBS_GEp_trigger/GEp_trigger/solution1/syn/report/csynth_design_size.rpt
WARNING: [HLS 200-1995] There were 424,455 instructions in the design after the 'Unroll/Inline (step 3)' phase of compilation. See the Design Size Report for more details: /daqfs/home/hanjie/Desktop/GEp/SBS_GEp_trigger/GEp_trigger/solution1/syn/report/csynth_design_size.rpt
WARNING: [HLS 200-1995] There were 374,517 instructions in the design after the 'Unroll/Inline (step 4)' phase of compilation. See the Design Size Report for more details: /daqfs/home/hanjie/Desktop/GEp/SBS_GEp_trigger/GEp_trigger/solution1/syn/report/csynth_design_size.rpt
WARNING: [HLS 200-1995] There were 613,014 instructions in the design after the 'Array/Struct' phase of compilation. See the Design Size Report for more details: /daqfs/home/hanjie/Desktop/GEp/SBS_GEp_trigger/GEp_trigger/solution1/syn/report/csynth_design_size.rpt
WARNING: [HLS 200-1995] There were 377,530 instructions in the design after the 'Array/Struct (step 2)' phase of compilation. See the Design Size Report for more details: /daqfs/home/hanjie/Desktop/GEp/SBS_GEp_trigger/GEp_trigger/solution1/syn/report/csynth_design_size.rpt
WARNING: [HLS 200-1995] There were 377,757 instructions in the design after the 'Array/Struct (step 3)' phase of compilation. See the Design Size Report for more details: /daqfs/home/hanjie/Desktop/GEp/SBS_GEp_trigger/GEp_trigger/solution1/syn/report/csynth_design_size.rpt
WARNING: [HLS 200-1995] There were 392,880 instructions in the design after the 'Array/Struct (step 4)' phase of compilation. See the Design Size Report for more details: /daqfs/home/hanjie/Desktop/GEp/SBS_GEp_trigger/GEp_trigger/solution1/syn/report/csynth_design_size.rpt
WARNING: [HLS 200-1995] There were 389,462 instructions in the design after the 'Array/Struct (step 5)' phase of compilation. See the Design Size Report for more details: /daqfs/home/hanjie/Desktop/GEp/SBS_GEp_trigger/GEp_trigger/solution1/syn/report/csynth_design_size.rpt
WARNING: [HLS 200-1995] There were 280,141 instructions in the design after the 'Performance' phase of compilation. See the Design Size Report for more details: /daqfs/home/hanjie/Desktop/GEp/SBS_GEp_trigger/GEp_trigger/solution1/syn/report/csynth_design_size.rpt
WARNING: [HLS 200-1995] There were 198,656 instructions in the design after the 'Performance (step 2)' phase of compilation. See the Design Size Report for more details: /daqfs/home/hanjie/Desktop/GEp/SBS_GEp_trigger/GEp_trigger/solution1/syn/report/csynth_design_size.rpt
WARNING: [HLS 200-1995] There were 197,880 instructions in the design after the 'Performance (step 3)' phase of compilation. See the Design Size Report for more details: /daqfs/home/hanjie/Desktop/GEp/SBS_GEp_trigger/GEp_trigger/solution1/syn/report/csynth_design_size.rpt
WARNING: [HLS 200-1995] There were 196,476 instructions in the design after the 'Performance (step 4)' phase of compilation. See the Design Size Report for more details: /daqfs/home/hanjie/Desktop/GEp/SBS_GEp_trigger/GEp_trigger/solution1/syn/report/csynth_design_size.rpt
WARNING: [HLS 200-1995] There were 193,689 instructions in the design after the 'HW Transforms' phase of compilation. See the Design Size Report for more details: /daqfs/home/hanjie/Desktop/GEp/SBS_GEp_trigger/GEp_trigger/solution1/syn/report/csynth_design_size.rpt
WARNING: [HLS 200-1995] There were 196,378 instructions in the design after the 'HW Transforms (step 2)' phase of compilation. See the Design Size Report for more details: /daqfs/home/hanjie/Desktop/GEp/SBS_GEp_trigger/GEp_trigger/solution1/syn/report/csynth_design_size.rpt
INFO: [HLS 214-377] Adding 'allc' into disaggregation list because there's array-partition pragma applied on the struct field (hcal_cluster_hls.cpp:135:14)
INFO: [HLS 214-377] Adding 'ref.tmp179' into disaggregation list because there's array-partition pragma applied on the struct field (hcal_cluster_hls.cpp:135:14)
INFO: [HLS 214-377] Adding 'allc' into disaggregation list because there's array-partition pragma applied on the struct field (hcal_cluster_hls.cpp:81:9)
INFO: [HLS 214-377] Adding 'allc' into disaggregation list because there's array-partition pragma applied on the struct field (hcal_cluster_hls.cpp:80:9)
INFO: [HLS 214-377] Adding 'allc' into disaggregation list because there's array-partition pragma applied on the struct field (hcal_cluster_hls.cpp:79:9)
INFO: [HLS 214-377] Adding 'allc' into disaggregation list because there's array-partition pragma applied on the struct field (hcal_cluster_hls.cpp:78:9)
INFO: [HLS 214-377] Adding 'fiber_hits' into disaggregation list because there's array-partition pragma applied on the struct field (hcal_cluster_hls.cpp:34:9)
INFO: [HLS 214-377] Adding 'vxs_hits' into disaggregation list because there's array-partition pragma applied on the struct field (hcal_cluster_hls.cpp:31:9)
INFO: [HLS 214-210] Disaggregating variable 'ref.tmp179'
Resolution: For help on HLS 214-210 see docs.xilinx.com/access/sources/dita/topic?Doc_Version=2023.2%20English&url=ug1448-hls-guidance&resourceid=214-210.html
INFO: [HLS 214-210] Disaggregating variable 'allc' (hcal_cluster_hls.cpp:76:17)
Resolution: For help on HLS 214-210 see docs.xilinx.com/access/sources/dita/topic?Doc_Version=2023.2%20English&url=ug1448-hls-guidance&resourceid=214-210.html
INFO: [HLS 214-210] Disaggregating variable 'fiber_hits' (hcal_cluster_hls.cpp:33:18)
Resolution: For help on HLS 214-210 see docs.xilinx.com/access/sources/dita/topic?Doc_Version=2023.2%20English&url=ug1448-hls-guidance&resourceid=214-210.html
INFO: [HLS 214-210] Disaggregating variable 'vxs_hits' (hcal_cluster_hls.cpp:30:16)
Resolution: For help on HLS 214-210 see docs.xilinx.com/access/sources/dita/topic?Doc_Version=2023.2%20English&url=ug1448-hls-guidance&resourceid=214-210.html
WARNING: [HLS 214-172] Cannot apply disaggregate pragma/directive on stream object 's_fadc_hits_vxs' as it needs to be read/written in its entirety
INFO: [HLS 214-291] Loop 'VITIS_LOOP_124_8' is marked as complete unroll implied by the pipeline pragma (hcal_cluster_hls.cpp:124:21)
INFO: [HLS 214-291] Loop 'VITIS_LOOP_120_7' is marked as complete unroll implied by the pipeline pragma (hcal_cluster_hls.cpp:120:21)
INFO: [HLS 214-291] Loop 'VITIS_LOOP_83_5' is marked as complete unroll implied by the pipeline pragma (hcal_cluster_hls.cpp:83:19)
INFO: [HLS 214-291] Loop 'VITIS_LOOP_97_6' is marked as complete unroll implied by the pipeline pragma (hcal_cluster_hls.cpp:97:24)
INFO: [HLS 214-291] Loop 'VITIS_LOOP_49_2' is marked as complete unroll implied by the pipeline pragma (hcal_cluster_hls.cpp:49:20)
INFO: [HLS 214-291] Loop 'VITIS_LOOP_46_1' is marked as complete unroll implied by the pipeline pragma (hcal_cluster_hls.cpp:46:20)
INFO: [HLS 214-291] Loop 'VITIS_LOOP_185_2' is marked as complete unroll implied by the pipeline pragma (hcal_cluster_hls.cpp:185:21)
INFO: [HLS 214-291] Loop 'VITIS_LOOP_180_1' is marked as complete unroll implied by the pipeline pragma (hcal_cluster_hls.cpp:180:21)
INFO: [HLS 214-291] Loop 'VITIS_LOOP_299_1' is marked as complete unroll implied by the pipeline pragma (hcal_cluster_hls.cpp:299:23)
INFO: [HLS 214-186] Unrolling loop 'VITIS_LOOP_124_8' (hcal_cluster_hls.cpp:124:21) in function 'hcal_cluster_hls' completely with a factor of 288 (hcal_cluster_hls.cpp:28:0)
INFO: [HLS 214-186] Unrolling loop 'VITIS_LOOP_120_7' (hcal_cluster_hls.cpp:120:21) in function 'hcal_cluster_hls' completely with a factor of 288 (hcal_cluster_hls.cpp:28:0)
INFO: [HLS 214-186] Unrolling loop 'VITIS_LOOP_83_5' (hcal_cluster_hls.cpp:83:19) in function 'hcal_cluster_hls' completely with a factor of 288 (hcal_cluster_hls.cpp:28:0)
INFO: [HLS 214-186] Unrolling loop 'VITIS_LOOP_97_6' (hcal_cluster_hls.cpp:97:24) in function 'hcal_cluster_hls' completely with a factor of 9 (hcal_cluster_hls.cpp:28:0)
INFO: [HLS 214-186] Unrolling loop 'VITIS_LOOP_49_2' (hcal_cluster_hls.cpp:49:20) in function 'hcal_cluster_hls' completely with a factor of 32 (hcal_cluster_hls.cpp:28:0)
INFO: [HLS 214-186] Unrolling loop 'VITIS_LOOP_46_1' (hcal_cluster_hls.cpp:46:20) in function 'hcal_cluster_hls' completely with a factor of 256 (hcal_cluster_hls.cpp:28:0)
INFO: [HLS 214-186] Unrolling loop 'VITIS_LOOP_185_2' (hcal_cluster_hls.cpp:185:21) in function 'FiberOut' completely with a factor of 288 (hcal_cluster_hls.cpp:168:0)
INFO: [HLS 214-186] Unrolling loop 'VITIS_LOOP_180_1' (hcal_cluster_hls.cpp:180:21) in function 'FiberOut' completely with a factor of 55 (hcal_cluster_hls.cpp:168:0)
INFO: [HLS 214-186] Unrolling loop 'VITIS_LOOP_299_1' (hcal_cluster_hls.cpp:299:23) in function 'Find_cluster' completely with a factor of 8 (hcal_cluster_hls.cpp:273:0)
INFO: [HLS 214-248] Applying array_partition to '_ZZ16hcal_cluster_hls7ap_uintILi3EES_ILi13EEPA12_S_ILi16EERN3hls6streamI13fadc_hits_vxsLi0EEERNS6_I15fadc_hits_fiberLi0EEERNS6_I12fiber_bins_tLi0EEERA4_NS6_I13cluster_all_tLi0EEEE17all_fadc_hits_pre': Complete partitioning on dimension 1. (hcal_cluster_hls.cpp:39:0)
INFO: [HLS 214-248] Applying array_partition to '_ZZ16hcal_cluster_hls7ap_uintILi3EES_ILi13EEPA12_S_ILi16EERN3hls6streamI13fadc_hits_vxsLi0EEERNS6_I15fadc_hits_fiberLi0EEERNS6_I12fiber_bins_tLi0EEERA4_NS6_I13cluster_all_tLi0EEEE21all_fadc_hits_pre_pre': Complete partitioning on dimension 1. (hcal_cluster_hls.cpp:36:0)
INFO: [HLS 214-248] Applying array_partition to 'vxs_hits.e': Complete partitioning on dimension 1. (hcal_cluster_hls.cpp:30:16)
INFO: [HLS 214-248] Applying array_partition to 'vxs_hits.t': Complete partitioning on dimension 1. (hcal_cluster_hls.cpp:30:16)
INFO: [HLS 214-248] Applying array_partition to 'fiber_hits.e': Complete partitioning on dimension 1. (hcal_cluster_hls.cpp:33:18)
INFO: [HLS 214-248] Applying array_partition to 'fiber_hits.t': Complete partitioning on dimension 1. (hcal_cluster_hls.cpp:33:18)
INFO: [HLS 214-248] Applying array_partition to 'all_fadc_hits': Complete partitioning on dimension 1. (hcal_cluster_hls.cpp:42:8)
INFO: [HLS 214-248] Applying array_partition to 'allc.x': Complete partitioning on dimension 1. Complete partitioning on dimension 2. (hcal_cluster_hls.cpp:76:17)
INFO: [HLS 214-248] Applying array_partition to 'allc.y': Complete partitioning on dimension 1. Complete partitioning on dimension 2. (hcal_cluster_hls.cpp:76:17)
INFO: [HLS 214-248] Applying array_partition to 'allc.e': Complete partitioning on dimension 1. Complete partitioning on dimension 2. (hcal_cluster_hls.cpp:76:17)
INFO: [HLS 214-248] Applying array_partition to 'allc.t': Complete partitioning on dimension 1. Complete partitioning on dimension 2. (hcal_cluster_hls.cpp:76:17)
INFO: [HLS 214-248] Applying array_partition to 'allc.nhits': Complete partitioning on dimension 1. Complete partitioning on dimension 2. (hcal_cluster_hls.cpp:76:17)
INFO: [HLS 214-248] Applying array_partition to 'nearby_hit_pre.e': Complete partitioning on dimension 1.
INFO: [HLS 214-248] Applying array_partition to 'nearby_hit_pre.t': Complete partitioning on dimension 1.
INFO: [HLS 214-248] Applying array_partition to 'nearby_hit_cur.e': Complete partitioning on dimension 1.
INFO: [HLS 214-248] Applying array_partition to 'nearby_hit_cur.t': Complete partitioning on dimension 1.
INFO: [HLS 214-248] Applying array_partition to 'nearby_hit_aft.e': Complete partitioning on dimension 1.
INFO: [HLS 214-248] Applying array_partition to 'nearby_hit_aft.t': Complete partitioning on dimension 1.
INFO: [HLS 214-248] Applying array_partition to 'ref.tmp179': Complete partitioning on dimension 1.
INFO: [HLS 214-248] Applying array_partition to 'cluster_threshold': Complete partitioning on dimension 1. Complete partitioning on dimension 2. (hcal_cluster_hls.cpp:28:0)
INFO: [HLS 214-248] Applying array_partition to 's_cluster_all': Complete partitioning on dimension 1. (hcal_cluster_hls.cpp:28:0)
INFO: [HLS 214-241] Aggregating fifo (hls::stream) variable 's_cluster_all_3' with compact=bit mode in 2304-bits (hcal_cluster_hls.cpp:28:0)
INFO: [HLS 214-241] Aggregating fifo (hls::stream) variable 's_cluster_all_2' with compact=bit mode in 2304-bits (hcal_cluster_hls.cpp:28:0)
INFO: [HLS 214-241] Aggregating fifo (hls::stream) variable 's_cluster_all_1' with compact=bit mode in 2304-bits (hcal_cluster_hls.cpp:28:0)
INFO: [HLS 214-241] Aggregating fifo (hls::stream) variable 's_cluster_all_0' with compact=bit mode in 2304-bits (hcal_cluster_hls.cpp:28:0)
INFO: [HLS 214-241] Aggregating fifo (hls::stream) variable 's_fiberout' with compact=bit mode in 440-bits (hcal_cluster_hls.cpp:28:0)
INFO: [HLS 214-241] Aggregating fifo (hls::stream) variable 's_fadc_hits_fiber' with compact=bit mode in 512-bits (hcal_cluster_hls.cpp:28:0)
INFO: [HLS 214-241] Aggregating fifo (hls::stream) variable 's_fadc_hits_vxs' with compact=bit mode in 4096-bits (hcal_cluster_hls.cpp:28:0)
INFO: [HLS 214-241] Aggregating scalar variable 'cluster_threshold_23_11' with compact=bit mode in 16-bits (hcal_cluster_hls.cpp:28:0)
INFO: [HLS 214-241] Aggregating scalar variable 'cluster_threshold_23_10' with compact=bit mode in 16-bits (hcal_cluster_hls.cpp:28:0)
INFO: [HLS 214-241] Aggregating scalar variable 'cluster_threshold_23_9' with compact=bit mode in 16-bits (hcal_cluster_hls.cpp:28:0)
INFO: [HLS 214-241] Aggregating scalar variable 'cluster_threshold_23_8' with compact=bit mode in 16-bits (hcal_cluster_hls.cpp:28:0)
INFO: [HLS 214-241] Aggregating scalar variable 'cluster_threshold_23_7' with compact=bit mode in 16-bits (hcal_cluster_hls.cpp:28:0)
INFO: [HLS 214-241] Aggregating scalar variable 'cluster_threshold_23_6' with compact=bit mode in 16-bits (hcal_cluster_hls.cpp:28:0)
INFO: [HLS 214-241] Aggregating scalar variable 'cluster_threshold_23_5' with compact=bit mode in 16-bits (hcal_cluster_hls.cpp:28:0)
INFO: [HLS 214-241] Aggregating scalar variable 'cluster_threshold_23_4' with compact=bit mode in 16-bits (hcal_cluster_hls.cpp:28:0)
INFO: [HLS 214-241] Aggregating scalar variable 'cluster_threshold_23_3' with compact=bit mode in 16-bits (hcal_cluster_hls.cpp:28:0)
INFO: [HLS 214-241] Aggregating scalar variable 'cluster_threshold_23_2' with compact=bit mode in 16-bits (hcal_cluster_hls.cpp:28:0)
INFO: [HLS 214-241] Aggregating scalar variable 'cluster_threshold_23_1' with compact=bit mode in 16-bits (hcal_cluster_hls.cpp:28:0)
INFO: [HLS 214-241] Aggregating scalar variable 'cluster_threshold_23_0' with compact=bit mode in 16-bits (hcal_cluster_hls.cpp:28:0)
INFO: [HLS 214-241] Aggregating scalar variable 'cluster_threshold_22_11' with compact=bit mode in 16-bits (hcal_cluster_hls.cpp:28:0)
INFO: [HLS 214-241] Aggregating scalar variable 'cluster_threshold_22_10' with compact=bit mode in 16-bits (hcal_cluster_hls.cpp:28:0)
INFO: [HLS 214-241] Aggregating scalar variable 'cluster_threshold_22_9' with compact=bit mode in 16-bits (hcal_cluster_hls.cpp:28:0)
INFO: [HLS 214-241] Aggregating scalar variable 'cluster_threshold_22_8' with compact=bit mode in 16-bits (hcal_cluster_hls.cpp:28:0)
INFO: [HLS 214-241] Aggregating scalar variable 'cluster_threshold_22_7' with compact=bit mode in 16-bits (hcal_cluster_hls.cpp:28:0)
INFO: [HLS 214-241] Aggregating scalar variable 'cluster_threshold_22_6' with compact=bit mode in 16-bits (hcal_cluster_hls.cpp:28:0)
INFO: [HLS 214-241] Aggregating scalar variable 'cluster_threshold_22_5' with compact=bit mode in 16-bits (hcal_cluster_hls.cpp:28:0)
INFO: [HLS 214-241] Aggregating scalar variable 'cluster_threshold_22_4' with compact=bit mode in 16-bits (hcal_cluster_hls.cpp:28:0)
INFO: [HLS 214-241] Aggregating scalar variable 'cluster_threshold_22_3' with compact=bit mode in 16-bits (hcal_cluster_hls.cpp:28:0)
INFO: [HLS 214-241] Aggregating scalar variable 'cluster_threshold_22_2' with compact=bit mode in 16-bits (hcal_cluster_hls.cpp:28:0)
INFO: [HLS 214-241] Aggregating scalar variable 'cluster_threshold_22_1' with compact=bit mode in 16-bits (hcal_cluster_hls.cpp:28:0)
INFO: [HLS 214-241] Aggregating scalar variable 'cluster_threshold_22_0' with compact=bit mode in 16-bits (hcal_cluster_hls.cpp:28:0)
INFO: [HLS 214-241] Aggregating scalar variable 'cluster_threshold_21_11' with compact=bit mode in 16-bits (hcal_cluster_hls.cpp:28:0)
INFO: [HLS 214-241] Aggregating scalar variable 'cluster_threshold_21_10' with compact=bit mode in 16-bits (hcal_cluster_hls.cpp:28:0)
INFO: [HLS 214-241] Aggregating scalar variable 'cluster_threshold_21_9' with compact=bit mode in 16-bits (hcal_cluster_hls.cpp:28:0)
INFO: [HLS 214-241] Aggregating scalar variable 'cluster_threshold_21_8' with compact=bit mode in 16-bits (hcal_cluster_hls.cpp:28:0)
INFO: [HLS 214-241] Aggregating scalar variable 'cluster_threshold_21_7' with compact=bit mode in 16-bits (hcal_cluster_hls.cpp:28:0)
INFO: [HLS 214-241] Aggregating scalar variable 'cluster_threshold_21_6' with compact=bit mode in 16-bits (hcal_cluster_hls.cpp:28:0)
INFO: [HLS 214-241] Aggregating scalar variable 'cluster_threshold_21_5' with compact=bit mode in 16-bits (hcal_cluster_hls.cpp:28:0)
INFO: [HLS 214-241] Aggregating scalar variable 'cluster_threshold_21_4' with compact=bit mode in 16-bits (hcal_cluster_hls.cpp:28:0)
INFO: [HLS 214-241] Aggregating scalar variable 'cluster_threshold_21_3' with compact=bit mode in 16-bits (hcal_cluster_hls.cpp:28:0)
INFO: [HLS 214-241] Aggregating scalar variable 'cluster_threshold_21_2' with compact=bit mode in 16-bits (hcal_cluster_hls.cpp:28:0)
INFO: [HLS 214-241] Aggregating scalar variable 'cluster_threshold_21_1' with compact=bit mode in 16-bits (hcal_cluster_hls.cpp:28:0)
INFO: [HLS 214-241] Aggregating scalar variable 'cluster_threshold_21_0' with compact=bit mode in 16-bits (hcal_cluster_hls.cpp:28:0)
INFO: [HLS 214-241] Aggregating scalar variable 'cluster_threshold_20_11' with compact=bit mode in 16-bits (hcal_cluster_hls.cpp:28:0)
INFO: [HLS 214-241] Aggregating scalar variable 'cluster_threshold_20_10' with compact=bit mode in 16-bits (hcal_cluster_hls.cpp:28:0)
INFO: [HLS 214-241] Aggregating scalar variable 'cluster_threshold_20_9' with compact=bit mode in 16-bits (hcal_cluster_hls.cpp:28:0)
INFO: [HLS 214-241] Aggregating scalar variable 'cluster_threshold_20_8' with compact=bit mode in 16-bits (hcal_cluster_hls.cpp:28:0)
INFO: [HLS 214-241] Aggregating scalar variable 'cluster_threshold_20_7' with compact=bit mode in 16-bits (hcal_cluster_hls.cpp:28:0)
INFO: [HLS 214-241] Aggregating scalar variable 'cluster_threshold_20_6' with compact=bit mode in 16-bits (hcal_cluster_hls.cpp:28:0)
INFO: [HLS 214-241] Aggregating scalar variable 'cluster_threshold_20_5' with compact=bit mode in 16-bits (hcal_cluster_hls.cpp:28:0)
INFO: [HLS 214-241] Aggregating scalar variable 'cluster_threshold_20_4' with compact=bit mode in 16-bits (hcal_cluster_hls.cpp:28:0)
INFO: [HLS 214-241] Aggregating scalar variable 'cluster_threshold_20_3' with compact=bit mode in 16-bits (hcal_cluster_hls.cpp:28:0)
INFO: [HLS 214-241] Aggregating scalar variable 'cluster_threshold_20_2' with compact=bit mode in 16-bits (hcal_cluster_hls.cpp:28:0)
INFO: [HLS 214-241] Aggregating scalar variable 'cluster_threshold_20_1' with compact=bit mode in 16-bits (hcal_cluster_hls.cpp:28:0)
INFO: [HLS 214-241] Aggregating scalar variable 'cluster_threshold_20_0' with compact=bit mode in 16-bits (hcal_cluster_hls.cpp:28:0)
INFO: [HLS 214-241] Aggregating scalar variable 'cluster_threshold_19_11' with compact=bit mode in 16-bits (hcal_cluster_hls.cpp:28:0)
INFO: [HLS 214-241] Aggregating scalar variable 'cluster_threshold_19_10' with compact=bit mode in 16-bits (hcal_cluster_hls.cpp:28:0)
INFO: [HLS 214-241] Aggregating scalar variable 'cluster_threshold_19_9' with compact=bit mode in 16-bits (hcal_cluster_hls.cpp:28:0)
INFO: [HLS 214-241] Aggregating scalar variable 'cluster_threshold_19_8' with compact=bit mode in 16-bits (hcal_cluster_hls.cpp:28:0)
INFO: [HLS 214-241] Aggregating scalar variable 'cluster_threshold_19_7' with compact=bit mode in 16-bits (hcal_cluster_hls.cpp:28:0)
INFO: [HLS 214-241] Aggregating scalar variable 'cluster_threshold_19_6' with compact=bit mode in 16-bits (hcal_cluster_hls.cpp:28:0)
INFO: [HLS 214-241] Aggregating scalar variable 'cluster_threshold_19_5' with compact=bit mode in 16-bits (hcal_cluster_hls.cpp:28:0)
INFO: [HLS 214-241] Aggregating scalar variable 'cluster_threshold_19_4' with compact=bit mode in 16-bits (hcal_cluster_hls.cpp:28:0)
INFO: [HLS 214-241] Aggregating scalar variable 'cluster_threshold_19_3' with compact=bit mode in 16-bits (hcal_cluster_hls.cpp:28:0)
INFO: [HLS 214-241] Aggregating scalar variable 'cluster_threshold_19_2' with compact=bit mode in 16-bits (hcal_cluster_hls.cpp:28:0)
INFO: [HLS 214-241] Aggregating scalar variable 'cluster_threshold_19_1' with compact=bit mode in 16-bits (hcal_cluster_hls.cpp:28:0)
INFO: [HLS 214-241] Aggregating scalar variable 'cluster_threshold_19_0' with compact=bit mode in 16-bits (hcal_cluster_hls.cpp:28:0)
INFO: [HLS 214-241] Aggregating scalar variable 'cluster_threshold_18_11' with compact=bit mode in 16-bits (hcal_cluster_hls.cpp:28:0)
INFO: [HLS 214-241] Aggregating scalar variable 'cluster_threshold_18_10' with compact=bit mode in 16-bits (hcal_cluster_hls.cpp:28:0)
INFO: [HLS 214-241] Aggregating scalar variable 'cluster_threshold_18_9' with compact=bit mode in 16-bits (hcal_cluster_hls.cpp:28:0)
INFO: [HLS 214-241] Aggregating scalar variable 'cluster_threshold_18_8' with compact=bit mode in 16-bits (hcal_cluster_hls.cpp:28:0)
INFO: [HLS 214-241] Aggregating scalar variable 'cluster_threshold_18_7' with compact=bit mode in 16-bits (hcal_cluster_hls.cpp:28:0)
INFO: [HLS 214-241] Aggregating scalar variable 'cluster_threshold_18_6' with compact=bit mode in 16-bits (hcal_cluster_hls.cpp:28:0)
INFO: [HLS 214-241] Aggregating scalar variable 'cluster_threshold_18_5' with compact=bit mode in 16-bits (hcal_cluster_hls.cpp:28:0)
INFO: [HLS 214-241] Aggregating scalar variable 'cluster_threshold_18_4' with compact=bit mode in 16-bits (hcal_cluster_hls.cpp:28:0)
INFO: [HLS 214-241] Aggregating scalar variable 'cluster_threshold_18_3' with compact=bit mode in 16-bits (hcal_cluster_hls.cpp:28:0)
INFO: [HLS 214-241] Aggregating scalar variable 'cluster_threshold_18_2' with compact=bit mode in 16-bits (hcal_cluster_hls.cpp:28:0)
INFO: [HLS 214-241] Aggregating scalar variable 'cluster_threshold_18_1' with compact=bit mode in 16-bits (hcal_cluster_hls.cpp:28:0)
INFO: [HLS 214-241] Aggregating scalar variable 'cluster_threshold_18_0' with compact=bit mode in 16-bits (hcal_cluster_hls.cpp:28:0)
INFO: [HLS 214-241] Aggregating scalar variable 'cluster_threshold_17_11' with compact=bit mode in 16-bits (hcal_cluster_hls.cpp:28:0)
INFO: [HLS 214-241] Aggregating scalar variable 'cluster_threshold_17_10' with compact=bit mode in 16-bits (hcal_cluster_hls.cpp:28:0)
INFO: [HLS 214-241] Aggregating scalar variable 'cluster_threshold_17_9' with compact=bit mode in 16-bits (hcal_cluster_hls.cpp:28:0)
INFO: [HLS 214-241] Aggregating scalar variable 'cluster_threshold_17_8' with compact=bit mode in 16-bits (hcal_cluster_hls.cpp:28:0)
INFO: [HLS 214-241] Aggregating scalar variable 'cluster_threshold_17_7' with compact=bit mode in 16-bits (hcal_cluster_hls.cpp:28:0)
INFO: [HLS 214-241] Aggregating scalar variable 'cluster_threshold_17_6' with compact=bit mode in 16-bits (hcal_cluster_hls.cpp:28:0)
INFO: [HLS 214-241] Aggregating scalar variable 'cluster_threshold_17_5' with compact=bit mode in 16-bits (hcal_cluster_hls.cpp:28:0)
INFO: [HLS 214-241] Aggregating scalar variable 'cluster_threshold_17_4' with compact=bit mode in 16-bits (hcal_cluster_hls.cpp:28:0)
INFO: [HLS 214-241] Aggregating scalar variable 'cluster_threshold_17_3' with compact=bit mode in 16-bits (hcal_cluster_hls.cpp:28:0)
INFO: [HLS 214-241] Aggregating scalar variable 'cluster_threshold_17_2' with compact=bit mode in 16-bits (hcal_cluster_hls.cpp:28:0)
INFO: [HLS 214-241] Aggregating scalar variable 'cluster_threshold_17_1' with compact=bit mode in 16-bits (hcal_cluster_hls.cpp:28:0)
INFO: [HLS 214-241] Aggregating scalar variable 'cluster_threshold_17_0' with compact=bit mode in 16-bits (hcal_cluster_hls.cpp:28:0)
INFO: [HLS 214-241] Aggregating scalar variable 'cluster_threshold_16_11' with compact=bit mode in 16-bits (hcal_cluster_hls.cpp:28:0)
INFO: [HLS 214-241] Aggregating scalar variable 'cluster_threshold_16_10' with compact=bit mode in 16-bits (hcal_cluster_hls.cpp:28:0)
INFO: [HLS 214-241] Aggregating scalar variable 'cluster_threshold_16_9' with compact=bit mode in 16-bits (hcal_cluster_hls.cpp:28:0)
INFO: [HLS 214-241] Aggregating scalar variable 'cluster_threshold_16_8' with compact=bit mode in 16-bits (hcal_cluster_hls.cpp:28:0)
INFO: [HLS 214-241] Aggregating scalar variable 'cluster_threshold_16_7' with compact=bit mode in 16-bits (hcal_cluster_hls.cpp:28:0)
INFO: [HLS 214-241] Aggregating scalar variable 'cluster_threshold_16_6' with compact=bit mode in 16-bits (hcal_cluster_hls.cpp:28:0)
INFO: [HLS 214-241] Aggregating scalar variable 'cluster_threshold_16_5' with compact=bit mode in 16-bits (hcal_cluster_hls.cpp:28:0)
INFO: [HLS 214-241] Aggregating scalar variable 'cluster_threshold_16_4' with compact=bit mode in 16-bits (hcal_cluster_hls.cpp:28:0)
INFO: [HLS 214-241] Aggregating scalar variable 'cluster_threshold_16_3' with compact=bit mode in 16-bits (hcal_cluster_hls.cpp:28:0)
INFO: [HLS 214-241] Aggregating scalar variable 'cluster_threshold_16_2' with compact=bit mode in 16-bits (hcal_cluster_hls.cpp:28:0)
INFO: [HLS 214-241] Aggregating scalar variable 'cluster_threshold_16_1' with compact=bit mode in 16-bits (hcal_cluster_hls.cpp:28:0)
INFO: [HLS 214-241] Aggregating scalar variable 'cluster_threshold_16_0' with compact=bit mode in 16-bits (hcal_cluster_hls.cpp:28:0)
INFO: [HLS 214-241] Aggregating scalar variable 'cluster_threshold_15_11' with compact=bit mode in 16-bits (hcal_cluster_hls.cpp:28:0)
INFO: [HLS 214-241] Aggregating scalar variable 'cluster_threshold_15_10' with compact=bit mode in 16-bits (hcal_cluster_hls.cpp:28:0)
INFO: [HLS 214-241] Aggregating scalar variable 'cluster_threshold_15_9' with compact=bit mode in 16-bits (hcal_cluster_hls.cpp:28:0)
INFO: [HLS 214-241] Aggregating scalar variable 'cluster_threshold_15_8' with compact=bit mode in 16-bits (hcal_cluster_hls.cpp:28:0)
INFO: [HLS 214-241] Aggregating scalar variable 'cluster_threshold_15_7' with compact=bit mode in 16-bits (hcal_cluster_hls.cpp:28:0)
INFO: [HLS 214-241] Aggregating scalar variable 'cluster_threshold_15_6' with compact=bit mode in 16-bits (hcal_cluster_hls.cpp:28:0)
INFO: [HLS 214-241] Aggregating scalar variable 'cluster_threshold_15_5' with compact=bit mode in 16-bits (hcal_cluster_hls.cpp:28:0)
INFO: [HLS 214-241] Aggregating scalar variable 'cluster_threshold_15_4' with compact=bit mode in 16-bits (hcal_cluster_hls.cpp:28:0)
INFO: [HLS 214-241] Aggregating scalar variable 'cluster_threshold_15_3' with compact=bit mode in 16-bits (hcal_cluster_hls.cpp:28:0)
INFO: [HLS 214-241] Aggregating scalar variable 'cluster_threshold_15_2' with compact=bit mode in 16-bits (hcal_cluster_hls.cpp:28:0)
INFO: [HLS 214-241] Aggregating scalar variable 'cluster_threshold_15_1' with compact=bit mode in 16-bits (hcal_cluster_hls.cpp:28:0)
INFO: [HLS 214-241] Aggregating scalar variable 'cluster_threshold_15_0' with compact=bit mode in 16-bits (hcal_cluster_hls.cpp:28:0)
INFO: [HLS 214-241] Aggregating scalar variable 'cluster_threshold_14_11' with compact=bit mode in 16-bits (hcal_cluster_hls.cpp:28:0)
INFO: [HLS 214-241] Aggregating scalar variable 'cluster_threshold_14_10' with compact=bit mode in 16-bits (hcal_cluster_hls.cpp:28:0)
INFO: [HLS 214-241] Aggregating scalar variable 'cluster_threshold_14_9' with compact=bit mode in 16-bits (hcal_cluster_hls.cpp:28:0)
INFO: [HLS 214-241] Aggregating scalar variable 'cluster_threshold_14_8' with compact=bit mode in 16-bits (hcal_cluster_hls.cpp:28:0)
INFO: [HLS 214-241] Aggregating scalar variable 'cluster_threshold_14_7' with compact=bit mode in 16-bits (hcal_cluster_hls.cpp:28:0)
INFO: [HLS 214-241] Aggregating scalar variable 'cluster_threshold_14_6' with compact=bit mode in 16-bits (hcal_cluster_hls.cpp:28:0)
INFO: [HLS 214-241] Aggregating scalar variable 'cluster_threshold_14_5' with compact=bit mode in 16-bits (hcal_cluster_hls.cpp:28:0)
INFO: [HLS 214-241] Aggregating scalar variable 'cluster_threshold_14_4' with compact=bit mode in 16-bits (hcal_cluster_hls.cpp:28:0)
INFO: [HLS 214-241] Aggregating scalar variable 'cluster_threshold_14_3' with compact=bit mode in 16-bits (hcal_cluster_hls.cpp:28:0)
INFO: [HLS 214-241] Aggregating scalar variable 'cluster_threshold_14_2' with compact=bit mode in 16-bits (hcal_cluster_hls.cpp:28:0)
INFO: [HLS 214-241] Aggregating scalar variable 'cluster_threshold_14_1' with compact=bit mode in 16-bits (hcal_cluster_hls.cpp:28:0)
INFO: [HLS 214-241] Aggregating scalar variable 'cluster_threshold_14_0' with compact=bit mode in 16-bits (hcal_cluster_hls.cpp:28:0)
INFO: [HLS 214-241] Aggregating scalar variable 'cluster_threshold_13_11' with compact=bit mode in 16-bits (hcal_cluster_hls.cpp:28:0)
INFO: [HLS 214-241] Aggregating scalar variable 'cluster_threshold_13_10' with compact=bit mode in 16-bits (hcal_cluster_hls.cpp:28:0)
INFO: [HLS 214-241] Aggregating scalar variable 'cluster_threshold_13_9' with compact=bit mode in 16-bits (hcal_cluster_hls.cpp:28:0)
INFO: [HLS 214-241] Aggregating scalar variable 'cluster_threshold_13_8' with compact=bit mode in 16-bits (hcal_cluster_hls.cpp:28:0)
INFO: [HLS 214-241] Aggregating scalar variable 'cluster_threshold_13_7' with compact=bit mode in 16-bits (hcal_cluster_hls.cpp:28:0)
INFO: [HLS 214-241] Aggregating scalar variable 'cluster_threshold_13_6' with compact=bit mode in 16-bits (hcal_cluster_hls.cpp:28:0)
INFO: [HLS 214-241] Aggregating scalar variable 'cluster_threshold_13_5' with compact=bit mode in 16-bits (hcal_cluster_hls.cpp:28:0)
INFO: [HLS 214-241] Aggregating scalar variable 'cluster_threshold_13_4' with compact=bit mode in 16-bits (hcal_cluster_hls.cpp:28:0)
INFO: [HLS 214-241] Aggregating scalar variable 'cluster_threshold_13_3' with compact=bit mode in 16-bits (hcal_cluster_hls.cpp:28:0)
INFO: [HLS 214-241] Aggregating scalar variable 'cluster_threshold_13_2' with compact=bit mode in 16-bits (hcal_cluster_hls.cpp:28:0)
INFO: [HLS 214-241] Aggregating scalar variable 'cluster_threshold_13_1' with compact=bit mode in 16-bits (hcal_cluster_hls.cpp:28:0)
INFO: [HLS 214-241] Aggregating scalar variable 'cluster_threshold_13_0' with compact=bit mode in 16-bits (hcal_cluster_hls.cpp:28:0)
INFO: [HLS 214-241] Aggregating scalar variable 'cluster_threshold_12_11' with compact=bit mode in 16-bits (hcal_cluster_hls.cpp:28:0)
INFO: [HLS 214-241] Aggregating scalar variable 'cluster_threshold_12_10' with compact=bit mode in 16-bits (hcal_cluster_hls.cpp:28:0)
INFO: [HLS 214-241] Aggregating scalar variable 'cluster_threshold_12_9' with compact=bit mode in 16-bits (hcal_cluster_hls.cpp:28:0)
INFO: [HLS 214-241] Aggregating scalar variable 'cluster_threshold_12_8' with compact=bit mode in 16-bits (hcal_cluster_hls.cpp:28:0)
INFO: [HLS 214-241] Aggregating scalar variable 'cluster_threshold_12_7' with compact=bit mode in 16-bits (hcal_cluster_hls.cpp:28:0)
INFO: [HLS 214-241] Aggregating scalar variable 'cluster_threshold_12_6' with compact=bit mode in 16-bits (hcal_cluster_hls.cpp:28:0)
INFO: [HLS 214-241] Aggregating scalar variable 'cluster_threshold_12_5' with compact=bit mode in 16-bits (hcal_cluster_hls.cpp:28:0)
INFO: [HLS 214-241] Aggregating scalar variable 'cluster_threshold_12_4' with compact=bit mode in 16-bits (hcal_cluster_hls.cpp:28:0)
INFO: [HLS 214-241] Aggregating scalar variable 'cluster_threshold_12_3' with compact=bit mode in 16-bits (hcal_cluster_hls.cpp:28:0)
INFO: [HLS 214-241] Aggregating scalar variable 'cluster_threshold_12_2' with compact=bit mode in 16-bits (hcal_cluster_hls.cpp:28:0)
INFO: [HLS 214-241] Aggregating scalar variable 'cluster_threshold_12_1' with compact=bit mode in 16-bits (hcal_cluster_hls.cpp:28:0)
INFO: [HLS 214-241] Aggregating scalar variable 'cluster_threshold_12_0' with compact=bit mode in 16-bits (hcal_cluster_hls.cpp:28:0)
INFO: [HLS 214-241] Aggregating scalar variable 'cluster_threshold_11_11' with compact=bit mode in 16-bits (hcal_cluster_hls.cpp:28:0)
INFO: [HLS 214-241] Aggregating scalar variable 'cluster_threshold_11_10' with compact=bit mode in 16-bits (hcal_cluster_hls.cpp:28:0)
INFO: [HLS 214-241] Aggregating scalar variable 'cluster_threshold_11_9' with compact=bit mode in 16-bits (hcal_cluster_hls.cpp:28:0)
INFO: [HLS 214-241] Aggregating scalar variable 'cluster_threshold_11_8' with compact=bit mode in 16-bits (hcal_cluster_hls.cpp:28:0)
INFO: [HLS 214-241] Aggregating scalar variable 'cluster_threshold_11_7' with compact=bit mode in 16-bits (hcal_cluster_hls.cpp:28:0)
INFO: [HLS 214-241] Aggregating scalar variable 'cluster_threshold_11_6' with compact=bit mode in 16-bits (hcal_cluster_hls.cpp:28:0)
INFO: [HLS 214-241] Aggregating scalar variable 'cluster_threshold_11_5' with compact=bit mode in 16-bits (hcal_cluster_hls.cpp:28:0)
INFO: [HLS 214-241] Aggregating scalar variable 'cluster_threshold_11_4' with compact=bit mode in 16-bits (hcal_cluster_hls.cpp:28:0)
INFO: [HLS 214-241] Aggregating scalar variable 'cluster_threshold_11_3' with compact=bit mode in 16-bits (hcal_cluster_hls.cpp:28:0)
INFO: [HLS 214-241] Aggregating scalar variable 'cluster_threshold_11_2' with compact=bit mode in 16-bits (hcal_cluster_hls.cpp:28:0)
INFO: [HLS 214-241] Aggregating scalar variable 'cluster_threshold_11_1' with compact=bit mode in 16-bits (hcal_cluster_hls.cpp:28:0)
INFO: [HLS 214-241] Aggregating scalar variable 'cluster_threshold_11_0' with compact=bit mode in 16-bits (hcal_cluster_hls.cpp:28:0)
INFO: [HLS 214-241] Aggregating scalar variable 'cluster_threshold_10_11' with compact=bit mode in 16-bits (hcal_cluster_hls.cpp:28:0)
INFO: [HLS 214-241] Aggregating scalar variable 'cluster_threshold_10_10' with compact=bit mode in 16-bits (hcal_cluster_hls.cpp:28:0)
INFO: [HLS 214-241] Aggregating scalar variable 'cluster_threshold_10_9' with compact=bit mode in 16-bits (hcal_cluster_hls.cpp:28:0)
INFO: [HLS 214-241] Aggregating scalar variable 'cluster_threshold_10_8' with compact=bit mode in 16-bits (hcal_cluster_hls.cpp:28:0)
INFO: [HLS 214-241] Aggregating scalar variable 'cluster_threshold_10_7' with compact=bit mode in 16-bits (hcal_cluster_hls.cpp:28:0)
INFO: [HLS 214-241] Aggregating scalar variable 'cluster_threshold_10_6' with compact=bit mode in 16-bits (hcal_cluster_hls.cpp:28:0)
INFO: [HLS 214-241] Aggregating scalar variable 'cluster_threshold_10_5' with compact=bit mode in 16-bits (hcal_cluster_hls.cpp:28:0)
INFO: [HLS 214-241] Aggregating scalar variable 'cluster_threshold_10_4' with compact=bit mode in 16-bits (hcal_cluster_hls.cpp:28:0)
INFO: [HLS 214-241] Aggregating scalar variable 'cluster_threshold_10_3' with compact=bit mode in 16-bits (hcal_cluster_hls.cpp:28:0)
INFO: [HLS 214-241] Aggregating scalar variable 'cluster_threshold_10_2' with compact=bit mode in 16-bits (hcal_cluster_hls.cpp:28:0)
INFO: [HLS 214-241] Aggregating scalar variable 'cluster_threshold_10_1' with compact=bit mode in 16-bits (hcal_cluster_hls.cpp:28:0)
INFO: [HLS 214-241] Aggregating scalar variable 'cluster_threshold_10_0' with compact=bit mode in 16-bits (hcal_cluster_hls.cpp:28:0)
INFO: [HLS 214-241] Aggregating scalar variable 'cluster_threshold_9_11' with compact=bit mode in 16-bits (hcal_cluster_hls.cpp:28:0)
INFO: [HLS 214-241] Aggregating scalar variable 'cluster_threshold_9_10' with compact=bit mode in 16-bits (hcal_cluster_hls.cpp:28:0)
INFO: [HLS 214-241] Aggregating scalar variable 'cluster_threshold_9_9' with compact=bit mode in 16-bits (hcal_cluster_hls.cpp:28:0)
INFO: [HLS 214-241] Aggregating scalar variable 'cluster_threshold_9_8' with compact=bit mode in 16-bits (hcal_cluster_hls.cpp:28:0)
INFO: [HLS 214-241] Aggregating scalar variable 'cluster_threshold_9_7' with compact=bit mode in 16-bits (hcal_cluster_hls.cpp:28:0)
INFO: [HLS 214-241] Aggregating scalar variable 'cluster_threshold_9_6' with compact=bit mode in 16-bits (hcal_cluster_hls.cpp:28:0)
INFO: [HLS 214-241] Aggregating scalar variable 'cluster_threshold_9_5' with compact=bit mode in 16-bits (hcal_cluster_hls.cpp:28:0)
INFO: [HLS 214-241] Aggregating scalar variable 'cluster_threshold_9_4' with compact=bit mode in 16-bits (hcal_cluster_hls.cpp:28:0)
INFO: [HLS 214-241] Aggregating scalar variable 'cluster_threshold_9_3' with compact=bit mode in 16-bits (hcal_cluster_hls.cpp:28:0)
INFO: [HLS 214-241] Aggregating scalar variable 'cluster_threshold_9_2' with compact=bit mode in 16-bits (hcal_cluster_hls.cpp:28:0)
INFO: [HLS 214-241] Aggregating scalar variable 'cluster_threshold_9_1' with compact=bit mode in 16-bits (hcal_cluster_hls.cpp:28:0)
INFO: [HLS 214-241] Aggregating scalar variable 'cluster_threshold_9_0' with compact=bit mode in 16-bits (hcal_cluster_hls.cpp:28:0)
INFO: [HLS 214-241] Aggregating scalar variable 'cluster_threshold_8_11' with compact=bit mode in 16-bits (hcal_cluster_hls.cpp:28:0)
INFO: [HLS 214-241] Aggregating scalar variable 'cluster_threshold_8_10' with compact=bit mode in 16-bits (hcal_cluster_hls.cpp:28:0)
INFO: [HLS 214-241] Aggregating scalar variable 'cluster_threshold_8_9' with compact=bit mode in 16-bits (hcal_cluster_hls.cpp:28:0)
INFO: [HLS 214-241] Aggregating scalar variable 'cluster_threshold_8_8' with compact=bit mode in 16-bits (hcal_cluster_hls.cpp:28:0)
INFO: [HLS 214-241] Aggregating scalar variable 'cluster_threshold_8_7' with compact=bit mode in 16-bits (hcal_cluster_hls.cpp:28:0)
INFO: [HLS 214-241] Aggregating scalar variable 'cluster_threshold_8_6' with compact=bit mode in 16-bits (hcal_cluster_hls.cpp:28:0)
INFO: [HLS 214-241] Aggregating scalar variable 'cluster_threshold_8_5' with compact=bit mode in 16-bits (hcal_cluster_hls.cpp:28:0)
INFO: [HLS 214-241] Aggregating scalar variable 'cluster_threshold_8_4' with compact=bit mode in 16-bits (hcal_cluster_hls.cpp:28:0)
INFO: [HLS 214-241] Aggregating scalar variable 'cluster_threshold_8_3' with compact=bit mode in 16-bits (hcal_cluster_hls.cpp:28:0)
INFO: [HLS 214-241] Aggregating scalar variable 'cluster_threshold_8_2' with compact=bit mode in 16-bits (hcal_cluster_hls.cpp:28:0)
INFO: [HLS 214-241] Aggregating scalar variable 'cluster_threshold_8_1' with compact=bit mode in 16-bits (hcal_cluster_hls.cpp:28:0)
INFO: [HLS 214-241] Aggregating scalar variable 'cluster_threshold_8_0' with compact=bit mode in 16-bits (hcal_cluster_hls.cpp:28:0)
INFO: [HLS 214-241] Aggregating scalar variable 'cluster_threshold_7_11' with compact=bit mode in 16-bits (hcal_cluster_hls.cpp:28:0)
INFO: [HLS 214-241] Aggregating scalar variable 'cluster_threshold_7_10' with compact=bit mode in 16-bits (hcal_cluster_hls.cpp:28:0)
INFO: [HLS 214-241] Aggregating scalar variable 'cluster_threshold_7_9' with compact=bit mode in 16-bits (hcal_cluster_hls.cpp:28:0)
INFO: [HLS 214-241] Aggregating scalar variable 'cluster_threshold_7_8' with compact=bit mode in 16-bits (hcal_cluster_hls.cpp:28:0)
INFO: [HLS 214-241] Aggregating scalar variable 'cluster_threshold_7_7' with compact=bit mode in 16-bits (hcal_cluster_hls.cpp:28:0)
INFO: [HLS 214-241] Aggregating scalar variable 'cluster_threshold_7_6' with compact=bit mode in 16-bits (hcal_cluster_hls.cpp:28:0)
INFO: [HLS 214-241] Aggregating scalar variable 'cluster_threshold_7_5' with compact=bit mode in 16-bits (hcal_cluster_hls.cpp:28:0)
INFO: [HLS 214-241] Aggregating scalar variable 'cluster_threshold_7_4' with compact=bit mode in 16-bits (hcal_cluster_hls.cpp:28:0)
INFO: [HLS 214-241] Aggregating scalar variable 'cluster_threshold_7_3' with compact=bit mode in 16-bits (hcal_cluster_hls.cpp:28:0)
INFO: [HLS 214-241] Aggregating scalar variable 'cluster_threshold_7_2' with compact=bit mode in 16-bits (hcal_cluster_hls.cpp:28:0)
INFO: [HLS 214-241] Aggregating scalar variable 'cluster_threshold_7_1' with compact=bit mode in 16-bits (hcal_cluster_hls.cpp:28:0)
INFO: [HLS 214-241] Aggregating scalar variable 'cluster_threshold_7_0' with compact=bit mode in 16-bits (hcal_cluster_hls.cpp:28:0)
INFO: [HLS 214-241] Aggregating scalar variable 'cluster_threshold_6_11' with compact=bit mode in 16-bits (hcal_cluster_hls.cpp:28:0)
INFO: [HLS 214-241] Aggregating scalar variable 'cluster_threshold_6_10' with compact=bit mode in 16-bits (hcal_cluster_hls.cpp:28:0)
INFO: [HLS 214-241] Aggregating scalar variable 'cluster_threshold_6_9' with compact=bit mode in 16-bits (hcal_cluster_hls.cpp:28:0)
INFO: [HLS 214-241] Aggregating scalar variable 'cluster_threshold_6_8' with compact=bit mode in 16-bits (hcal_cluster_hls.cpp:28:0)
INFO: [HLS 214-241] Aggregating scalar variable 'cluster_threshold_6_7' with compact=bit mode in 16-bits (hcal_cluster_hls.cpp:28:0)
INFO: [HLS 214-241] Aggregating scalar variable 'cluster_threshold_6_6' with compact=bit mode in 16-bits (hcal_cluster_hls.cpp:28:0)
INFO: [HLS 214-241] Aggregating scalar variable 'cluster_threshold_6_5' with compact=bit mode in 16-bits (hcal_cluster_hls.cpp:28:0)
INFO: [HLS 214-241] Aggregating scalar variable 'cluster_threshold_6_4' with compact=bit mode in 16-bits (hcal_cluster_hls.cpp:28:0)
INFO: [HLS 214-241] Aggregating scalar variable 'cluster_threshold_6_3' with compact=bit mode in 16-bits (hcal_cluster_hls.cpp:28:0)
INFO: [HLS 214-241] Aggregating scalar variable 'cluster_threshold_6_2' with compact=bit mode in 16-bits (hcal_cluster_hls.cpp:28:0)
INFO: [HLS 214-241] Aggregating scalar variable 'cluster_threshold_6_1' with compact=bit mode in 16-bits (hcal_cluster_hls.cpp:28:0)
INFO: [HLS 214-241] Aggregating scalar variable 'cluster_threshold_6_0' with compact=bit mode in 16-bits (hcal_cluster_hls.cpp:28:0)
INFO: [HLS 214-241] Aggregating scalar variable 'cluster_threshold_5_11' with compact=bit mode in 16-bits (hcal_cluster_hls.cpp:28:0)
INFO: [HLS 214-241] Aggregating scalar variable 'cluster_threshold_5_10' with compact=bit mode in 16-bits (hcal_cluster_hls.cpp:28:0)
INFO: [HLS 214-241] Aggregating scalar variable 'cluster_threshold_5_9' with compact=bit mode in 16-bits (hcal_cluster_hls.cpp:28:0)
INFO: [HLS 214-241] Aggregating scalar variable 'cluster_threshold_5_8' with compact=bit mode in 16-bits (hcal_cluster_hls.cpp:28:0)
INFO: [HLS 214-241] Aggregating scalar variable 'cluster_threshold_5_7' with compact=bit mode in 16-bits (hcal_cluster_hls.cpp:28:0)
INFO: [HLS 214-241] Aggregating scalar variable 'cluster_threshold_5_6' with compact=bit mode in 16-bits (hcal_cluster_hls.cpp:28:0)
INFO: [HLS 214-241] Aggregating scalar variable 'cluster_threshold_5_5' with compact=bit mode in 16-bits (hcal_cluster_hls.cpp:28:0)
INFO: [HLS 214-241] Aggregating scalar variable 'cluster_threshold_5_4' with compact=bit mode in 16-bits (hcal_cluster_hls.cpp:28:0)
INFO: [HLS 214-241] Aggregating scalar variable 'cluster_threshold_5_3' with compact=bit mode in 16-bits (hcal_cluster_hls.cpp:28:0)
INFO: [HLS 214-241] Aggregating scalar variable 'cluster_threshold_5_2' with compact=bit mode in 16-bits (hcal_cluster_hls.cpp:28:0)
INFO: [HLS 214-241] Aggregating scalar variable 'cluster_threshold_5_1' with compact=bit mode in 16-bits (hcal_cluster_hls.cpp:28:0)
INFO: [HLS 214-241] Aggregating scalar variable 'cluster_threshold_5_0' with compact=bit mode in 16-bits (hcal_cluster_hls.cpp:28:0)
INFO: [HLS 214-241] Aggregating scalar variable 'cluster_threshold_4_11' with compact=bit mode in 16-bits (hcal_cluster_hls.cpp:28:0)
INFO: [HLS 214-241] Aggregating scalar variable 'cluster_threshold_4_10' with compact=bit mode in 16-bits (hcal_cluster_hls.cpp:28:0)
INFO: [HLS 214-241] Aggregating scalar variable 'cluster_threshold_4_9' with compact=bit mode in 16-bits (hcal_cluster_hls.cpp:28:0)
INFO: [HLS 214-241] Aggregating scalar variable 'cluster_threshold_4_8' with compact=bit mode in 16-bits (hcal_cluster_hls.cpp:28:0)
INFO: [HLS 214-241] Aggregating scalar variable 'cluster_threshold_4_7' with compact=bit mode in 16-bits (hcal_cluster_hls.cpp:28:0)
INFO: [HLS 214-241] Aggregating scalar variable 'cluster_threshold_4_6' with compact=bit mode in 16-bits (hcal_cluster_hls.cpp:28:0)
INFO: [HLS 214-241] Aggregating scalar variable 'cluster_threshold_4_5' with compact=bit mode in 16-bits (hcal_cluster_hls.cpp:28:0)
INFO: [HLS 214-241] Aggregating scalar variable 'cluster_threshold_4_4' with compact=bit mode in 16-bits (hcal_cluster_hls.cpp:28:0)
INFO: [HLS 214-241] Aggregating scalar variable 'cluster_threshold_4_3' with compact=bit mode in 16-bits (hcal_cluster_hls.cpp:28:0)
INFO: [HLS 214-241] Aggregating scalar variable 'cluster_threshold_4_2' with compact=bit mode in 16-bits (hcal_cluster_hls.cpp:28:0)
INFO: [HLS 214-241] Aggregating scalar variable 'cluster_threshold_4_1' with compact=bit mode in 16-bits (hcal_cluster_hls.cpp:28:0)
INFO: [HLS 214-241] Aggregating scalar variable 'cluster_threshold_4_0' with compact=bit mode in 16-bits (hcal_cluster_hls.cpp:28:0)
INFO: [HLS 214-241] Aggregating scalar variable 'cluster_threshold_3_11' with compact=bit mode in 16-bits (hcal_cluster_hls.cpp:28:0)
INFO: [HLS 214-241] Aggregating scalar variable 'cluster_threshold_3_10' with compact=bit mode in 16-bits (hcal_cluster_hls.cpp:28:0)
INFO: [HLS 214-241] Aggregating scalar variable 'cluster_threshold_3_9' with compact=bit mode in 16-bits (hcal_cluster_hls.cpp:28:0)
INFO: [HLS 214-241] Aggregating scalar variable 'cluster_threshold_3_8' with compact=bit mode in 16-bits (hcal_cluster_hls.cpp:28:0)
INFO: [HLS 214-241] Aggregating scalar variable 'cluster_threshold_3_7' with compact=bit mode in 16-bits (hcal_cluster_hls.cpp:28:0)
INFO: [HLS 214-241] Aggregating scalar variable 'cluster_threshold_3_6' with compact=bit mode in 16-bits (hcal_cluster_hls.cpp:28:0)
INFO: [HLS 214-241] Aggregating scalar variable 'cluster_threshold_3_5' with compact=bit mode in 16-bits (hcal_cluster_hls.cpp:28:0)
INFO: [HLS 214-241] Aggregating scalar variable 'cluster_threshold_3_4' with compact=bit mode in 16-bits (hcal_cluster_hls.cpp:28:0)
INFO: [HLS 214-241] Aggregating scalar variable 'cluster_threshold_3_3' with compact=bit mode in 16-bits (hcal_cluster_hls.cpp:28:0)
INFO: [HLS 214-241] Aggregating scalar variable 'cluster_threshold_3_2' with compact=bit mode in 16-bits (hcal_cluster_hls.cpp:28:0)
INFO: [HLS 214-241] Aggregating scalar variable 'cluster_threshold_3_1' with compact=bit mode in 16-bits (hcal_cluster_hls.cpp:28:0)
INFO: [HLS 214-241] Aggregating scalar variable 'cluster_threshold_3_0' with compact=bit mode in 16-bits (hcal_cluster_hls.cpp:28:0)
INFO: [HLS 214-241] Aggregating scalar variable 'cluster_threshold_2_11' with compact=bit mode in 16-bits (hcal_cluster_hls.cpp:28:0)
INFO: [HLS 214-241] Aggregating scalar variable 'cluster_threshold_2_10' with compact=bit mode in 16-bits (hcal_cluster_hls.cpp:28:0)
INFO: [HLS 214-241] Aggregating scalar variable 'cluster_threshold_2_9' with compact=bit mode in 16-bits (hcal_cluster_hls.cpp:28:0)
INFO: [HLS 214-241] Aggregating scalar variable 'cluster_threshold_2_8' with compact=bit mode in 16-bits (hcal_cluster_hls.cpp:28:0)
INFO: [HLS 214-241] Aggregating scalar variable 'cluster_threshold_2_7' with compact=bit mode in 16-bits (hcal_cluster_hls.cpp:28:0)
INFO: [HLS 214-241] Aggregating scalar variable 'cluster_threshold_2_6' with compact=bit mode in 16-bits (hcal_cluster_hls.cpp:28:0)
INFO: [HLS 214-241] Aggregating scalar variable 'cluster_threshold_2_5' with compact=bit mode in 16-bits (hcal_cluster_hls.cpp:28:0)
INFO: [HLS 214-241] Aggregating scalar variable 'cluster_threshold_2_4' with compact=bit mode in 16-bits (hcal_cluster_hls.cpp:28:0)
INFO: [HLS 214-241] Aggregating scalar variable 'cluster_threshold_2_3' with compact=bit mode in 16-bits (hcal_cluster_hls.cpp:28:0)
INFO: [HLS 214-241] Aggregating scalar variable 'cluster_threshold_2_2' with compact=bit mode in 16-bits (hcal_cluster_hls.cpp:28:0)
INFO: [HLS 214-241] Aggregating scalar variable 'cluster_threshold_2_1' with compact=bit mode in 16-bits (hcal_cluster_hls.cpp:28:0)
INFO: [HLS 214-241] Aggregating scalar variable 'cluster_threshold_2_0' with compact=bit mode in 16-bits (hcal_cluster_hls.cpp:28:0)
INFO: [HLS 214-241] Aggregating scalar variable 'cluster_threshold_1_11' with compact=bit mode in 16-bits (hcal_cluster_hls.cpp:28:0)
INFO: [HLS 214-241] Aggregating scalar variable 'cluster_threshold_1_10' with compact=bit mode in 16-bits (hcal_cluster_hls.cpp:28:0)
INFO: [HLS 214-241] Aggregating scalar variable 'cluster_threshold_1_9' with compact=bit mode in 16-bits (hcal_cluster_hls.cpp:28:0)
INFO: [HLS 214-241] Aggregating scalar variable 'cluster_threshold_1_8' with compact=bit mode in 16-bits (hcal_cluster_hls.cpp:28:0)
INFO: [HLS 214-241] Aggregating scalar variable 'cluster_threshold_1_7' with compact=bit mode in 16-bits (hcal_cluster_hls.cpp:28:0)
INFO: [HLS 214-241] Aggregating scalar variable 'cluster_threshold_1_6' with compact=bit mode in 16-bits (hcal_cluster_hls.cpp:28:0)
INFO: [HLS 214-241] Aggregating scalar variable 'cluster_threshold_1_5' with compact=bit mode in 16-bits (hcal_cluster_hls.cpp:28:0)
INFO: [HLS 214-241] Aggregating scalar variable 'cluster_threshold_1_4' with compact=bit mode in 16-bits (hcal_cluster_hls.cpp:28:0)
INFO: [HLS 214-241] Aggregating scalar variable 'cluster_threshold_1_3' with compact=bit mode in 16-bits (hcal_cluster_hls.cpp:28:0)
INFO: [HLS 214-241] Aggregating scalar variable 'cluster_threshold_1_2' with compact=bit mode in 16-bits (hcal_cluster_hls.cpp:28:0)
INFO: [HLS 214-241] Aggregating scalar variable 'cluster_threshold_1_1' with compact=bit mode in 16-bits (hcal_cluster_hls.cpp:28:0)
INFO: [HLS 214-241] Aggregating scalar variable 'cluster_threshold_1_0' with compact=bit mode in 16-bits (hcal_cluster_hls.cpp:28:0)
INFO: [HLS 214-241] Aggregating scalar variable 'cluster_threshold_0_11' with compact=bit mode in 16-bits (hcal_cluster_hls.cpp:28:0)
INFO: [HLS 214-241] Aggregating scalar variable 'cluster_threshold_0_10' with compact=bit mode in 16-bits (hcal_cluster_hls.cpp:28:0)
INFO: [HLS 214-241] Aggregating scalar variable 'cluster_threshold_0_9' with compact=bit mode in 16-bits (hcal_cluster_hls.cpp:28:0)
INFO: [HLS 214-241] Aggregating scalar variable 'cluster_threshold_0_8' with compact=bit mode in 16-bits (hcal_cluster_hls.cpp:28:0)
INFO: [HLS 214-241] Aggregating scalar variable 'cluster_threshold_0_7' with compact=bit mode in 16-bits (hcal_cluster_hls.cpp:28:0)
INFO: [HLS 214-241] Aggregating scalar variable 'cluster_threshold_0_6' with compact=bit mode in 16-bits (hcal_cluster_hls.cpp:28:0)
INFO: [HLS 214-241] Aggregating scalar variable 'cluster_threshold_0_5' with compact=bit mode in 16-bits (hcal_cluster_hls.cpp:28:0)
INFO: [HLS 214-241] Aggregating scalar variable 'cluster_threshold_0_4' with compact=bit mode in 16-bits (hcal_cluster_hls.cpp:28:0)
INFO: [HLS 214-241] Aggregating scalar variable 'cluster_threshold_0_3' with compact=bit mode in 16-bits (hcal_cluster_hls.cpp:28:0)
INFO: [HLS 214-241] Aggregating scalar variable 'cluster_threshold_0_2' with compact=bit mode in 16-bits (hcal_cluster_hls.cpp:28:0)
INFO: [HLS 214-241] Aggregating scalar variable 'cluster_threshold_0_1' with compact=bit mode in 16-bits (hcal_cluster_hls.cpp:28:0)
INFO: [HLS 214-241] Aggregating scalar variable 'cluster_threshold_0_0' with compact=bit mode in 16-bits (hcal_cluster_hls.cpp:28:0)
INFO: [HLS 214-364] Automatically inlining function 'Find_block(ap_uint<9>, ap_uint<1>)' to improve effectiveness of pipeline pragma in function 'hcal_cluster_hls(ap_uint<3>, ap_uint<13>, ap_uint<16> (*) [12], hls::stream<fadc_hits_vxs, 0>&, hls::stream<fadc_hits_fiber, 0>&, hls::stream<fiber_bins_t, 0>&, hls::stream<cluster_all_t, 0> (&) [4])' (hcal_cluster_hls.cpp:105:99)
INFO: [HLS 214-364] Automatically inlining function 'Find_block(ap_uint<9>, ap_uint<1>)' to improve effectiveness of pipeline pragma in function 'hcal_cluster_hls(ap_uint<3>, ap_uint<13>, ap_uint<16> (*) [12], hls::stream<fadc_hits_vxs, 0>&, hls::stream<fadc_hits_fiber, 0>&, hls::stream<fiber_bins_t, 0>&, hls::stream<cluster_all_t, 0> (&) [4])' (hcal_cluster_hls.cpp:105:117)
INFO: [HLS 214-364] Automatically inlining function 'Find_cluster(hit_t*, hit_t*, hit_t*, ap_uint<3>, ap_uint<13>, ap_uint<5>, ap_uint<4>)' to improve effectiveness of pipeline pragma in function 'hcal_cluster_hls(ap_uint<3>, ap_uint<13>, ap_uint<16> (*) [12], hls::stream<fadc_hits_vxs, 0>&, hls::stream<fadc_hits_fiber, 0>&, hls::stream<fiber_bins_t, 0>&, hls::stream<cluster_all_t, 0> (&) [4])' (hcal_cluster_hls.cpp:105:14)
INFO: [HLS 214-364] Automatically inlining function 'FiberOut(cluster_all_t*, ap_uint<16> (*) [12]) (.119.120)' to improve effectiveness of pipeline pragma in function 'hcal_cluster_hls(ap_uint<3>, ap_uint<13>, ap_uint<16> (*) [12], hls::stream<fadc_hits_vxs, 0>&, hls::stream<fadc_hits_fiber, 0>&, hls::stream<fiber_bins_t, 0>&, hls::stream<cluster_all_t, 0> (&) [4])' (hcal_cluster_hls.cpp:135:14)
INFO: [HLS 214-364] Automatically inlining function 'hit_coin_t(ap_uint<4>, ap_uint<4>, ap_uint<3>)' to improve effectiveness of pipeline pragma in function 'hcal_cluster_hls(ap_uint<3>, ap_uint<13>, ap_uint<16> (*) [12], hls::stream<fadc_hits_vxs, 0>&, hls::stream<fadc_hits_fiber, 0>&, hls::stream<fiber_bins_t, 0>&, hls::stream<cluster_all_t, 0> (&) [4])' (hcal_cluster_hls.cpp:302:36)
INFO: [HLS 214-364] Automatically inlining function 'hit_coin_t(ap_uint<4>, ap_uint<4>, ap_uint<3>)' to improve effectiveness of pipeline pragma in function 'hcal_cluster_hls(ap_uint<3>, ap_uint<13>, ap_uint<16> (*) [12], hls::stream<fadc_hits_vxs, 0>&, hls::stream<fadc_hits_fiber, 0>&, hls::stream<fiber_bins_t, 0>&, hls::stream<cluster_all_t, 0> (&) [4])' (hcal_cluster_hls.cpp:308:41)
INFO: [HLS 214-364] Automatically inlining function 'hit_coin_t(ap_uint<4>, ap_uint<4>, ap_uint<3>)' to improve effectiveness of pipeline pragma in function 'hcal_cluster_hls(ap_uint<3>, ap_uint<13>, ap_uint<16> (*) [12], hls::stream<fadc_hits_vxs, 0>&, hls::stream<fadc_hits_fiber, 0>&, hls::stream<fiber_bins_t, 0>&, hls::stream<cluster_all_t, 0> (&) [4])' (hcal_cluster_hls.cpp:314:39)
INFO: [HLS 200-111] Finished Compiling Optimization and Transform: CPU user time: 304.59 seconds. CPU system time: 2.66 seconds. Elapsed time: 308.83 seconds; current allocated memory: 537.359 MB.
INFO: [HLS 200-111] Finished Checking Pragmas: CPU user time: 0 seconds. CPU system time: 0 seconds. Elapsed time: 0.01 seconds; current allocated memory: 537.359 MB.
INFO: [HLS 200-10] Starting code transformations ...
INFO: [HLS 200-111] Finished Standard Transforms: CPU user time: 33.5 seconds. CPU system time: 0.55 seconds. Elapsed time: 34.37 seconds; current allocated memory: 1.525 GB.
INFO: [HLS 200-10] Checking synthesizability ...
WARNING: [SYNCHK 200-23] hcal_cluster_hls.cpp:202: variable-indexed range selection may cause suboptimal QoR.
INFO: [SYNCHK 200-10] 0 error(s), 1 warning(s).
INFO: [HLS 200-111] Finished Checking Synthesizability: CPU user time: 63.46 seconds. CPU system time: 0.28 seconds. Elapsed time: 63.91 seconds; current allocated memory: 1.650 GB.
INFO: [XFORM 203-401] Performing if-conversion on hyperblock from (/daqfs/home/hanjie/Desktop/GEp/SBS_GEp_trigger/GEp_trigger/solution1/directives.tcl:7:9) to (hcal_cluster_hls.cpp:165:1) in function 'hcal_cluster_hls'... converting 20709 basic blocks.
INFO: [XFORM 203-11] Balancing expressions in function 'hcal_cluster_hls' (hcal_cluster_hls.cpp:7:43)...6913 expression(s) balanced.
INFO: [HLS 200-111] Finished Loop, function and other optimizations: CPU user time: 492.46 seconds. CPU system time: 1.78 seconds. Elapsed time: 494.43 seconds; current allocated memory: 2.462 GB.
INFO: [HLS 200-111] Finished Architecture Synthesis: CPU user time: 708.6 seconds. CPU system time: 0.83 seconds. Elapsed time: 709.49 seconds; current allocated memory: 2.462 GB.
INFO: [HLS 200-10] Starting hardware synthesis ...
INFO: [HLS 200-10] Synthesizing 'hcal_cluster_hls' ...
INFO: [HLS 200-10] ----------------------------------------------------------------
INFO: [HLS 200-42] -- Implementing module 'hcal_cluster_hls' 
INFO: [HLS 200-10] ----------------------------------------------------------------
INFO: [SCHED 204-11] Starting scheduling ...
INFO: [SCHED 204-61] Pipelining function 'hcal_cluster_hls'.
INFO: [HLS 200-1470] Pipelining result : Target II = 1, Final II = 1, Depth = 1, function 'hcal_cluster_hls'
INFO: [SCHED 204-11] Finished scheduling.
INFO: [HLS 200-111] Finished Scheduling: CPU user time: 250.17 seconds. CPU system time: 1.24 seconds. Elapsed time: 251.49 seconds; current allocated memory: 2.462 GB.
INFO: [BIND 205-100] Starting micro-architecture generation ...
INFO: [BIND 205-101] Performing variable lifetime analysis.
INFO: [BIND 205-101] Exploring resource sharing.
INFO: [BIND 205-101] Binding ...
INFO: [BIND 205-100] Finished micro-architecture generation.
INFO: [HLS 200-111] Finished Binding: CPU user time: 506.29 seconds. CPU system time: 1.19 seconds. Elapsed time: 509.45 seconds; current allocated memory: 2.462 GB.
INFO: [HLS 200-10] ----------------------------------------------------------------
INFO: [HLS 200-10] -- Generating RTL for module 'hcal_cluster_hls' 
INFO: [HLS 200-10] ----------------------------------------------------------------
INFO: [RTGEN 206-500] Setting interface mode on port 'hcal_cluster_hls/hit_dt' to 'ap_none'.
INFO: [RTGEN 206-500] Setting interface mode on port 'hcal_cluster_hls/seed_threshold' to 'ap_none'.
INFO: [RTGEN 206-500] Setting interface mode on port 'hcal_cluster_hls/cluster_threshold_0_0' to 'ap_none'.
INFO: [RTGEN 206-500] Setting interface mode on port 'hcal_cluster_hls/cluster_threshold_0_1' to 'ap_none'.
INFO: [RTGEN 206-500] Setting interface mode on port 'hcal_cluster_hls/cluster_threshold_0_2' to 'ap_none'.
INFO: [RTGEN 206-500] Setting interface mode on port 'hcal_cluster_hls/cluster_threshold_0_3' to 'ap_none'.
INFO: [RTGEN 206-500] Setting interface mode on port 'hcal_cluster_hls/cluster_threshold_0_4' to 'ap_none'.
INFO: [RTGEN 206-500] Setting interface mode on port 'hcal_cluster_hls/cluster_threshold_0_5' to 'ap_none'.
INFO: [RTGEN 206-500] Setting interface mode on port 'hcal_cluster_hls/cluster_threshold_0_6' to 'ap_none'.
INFO: [RTGEN 206-500] Setting interface mode on port 'hcal_cluster_hls/cluster_threshold_0_7' to 'ap_none'.
INFO: [RTGEN 206-500] Setting interface mode on port 'hcal_cluster_hls/cluster_threshold_0_8' to 'ap_none'.
INFO: [RTGEN 206-500] Setting interface mode on port 'hcal_cluster_hls/cluster_threshold_0_9' to 'ap_none'.
INFO: [RTGEN 206-500] Setting interface mode on port 'hcal_cluster_hls/cluster_threshold_0_10' to 'ap_none'.
INFO: [RTGEN 206-500] Setting interface mode on port 'hcal_cluster_hls/cluster_threshold_0_11' to 'ap_none'.
INFO: [RTGEN 206-500] Setting interface mode on port 'hcal_cluster_hls/cluster_threshold_1_0' to 'ap_none'.
INFO: [RTGEN 206-500] Setting interface mode on port 'hcal_cluster_hls/cluster_threshold_1_1' to 'ap_none'.
INFO: [RTGEN 206-500] Setting interface mode on port 'hcal_cluster_hls/cluster_threshold_1_2' to 'ap_none'.
INFO: [RTGEN 206-500] Setting interface mode on port 'hcal_cluster_hls/cluster_threshold_1_3' to 'ap_none'.
INFO: [RTGEN 206-500] Setting interface mode on port 'hcal_cluster_hls/cluster_threshold_1_4' to 'ap_none'.
INFO: [RTGEN 206-500] Setting interface mode on port 'hcal_cluster_hls/cluster_threshold_1_5' to 'ap_none'.
INFO: [RTGEN 206-500] Setting interface mode on port 'hcal_cluster_hls/cluster_threshold_1_6' to 'ap_none'.
INFO: [RTGEN 206-500] Setting interface mode on port 'hcal_cluster_hls/cluster_threshold_1_7' to 'ap_none'.
INFO: [RTGEN 206-500] Setting interface mode on port 'hcal_cluster_hls/cluster_threshold_1_8' to 'ap_none'.
INFO: [RTGEN 206-500] Setting interface mode on port 'hcal_cluster_hls/cluster_threshold_1_9' to 'ap_none'.
INFO: [RTGEN 206-500] Setting interface mode on port 'hcal_cluster_hls/cluster_threshold_1_10' to 'ap_none'.
INFO: [RTGEN 206-500] Setting interface mode on port 'hcal_cluster_hls/cluster_threshold_1_11' to 'ap_none'.
INFO: [RTGEN 206-500] Setting interface mode on port 'hcal_cluster_hls/cluster_threshold_2_0' to 'ap_none'.
INFO: [RTGEN 206-500] Setting interface mode on port 'hcal_cluster_hls/cluster_threshold_2_1' to 'ap_none'.
INFO: [RTGEN 206-500] Setting interface mode on port 'hcal_cluster_hls/cluster_threshold_2_2' to 'ap_none'.
INFO: [RTGEN 206-500] Setting interface mode on port 'hcal_cluster_hls/cluster_threshold_2_3' to 'ap_none'.
INFO: [RTGEN 206-500] Setting interface mode on port 'hcal_cluster_hls/cluster_threshold_2_4' to 'ap_none'.
INFO: [RTGEN 206-500] Setting interface mode on port 'hcal_cluster_hls/cluster_threshold_2_5' to 'ap_none'.
INFO: [RTGEN 206-500] Setting interface mode on port 'hcal_cluster_hls/cluster_threshold_2_6' to 'ap_none'.
INFO: [RTGEN 206-500] Setting interface mode on port 'hcal_cluster_hls/cluster_threshold_2_7' to 'ap_none'.
INFO: [RTGEN 206-500] Setting interface mode on port 'hcal_cluster_hls/cluster_threshold_2_8' to 'ap_none'.
INFO: [RTGEN 206-500] Setting interface mode on port 'hcal_cluster_hls/cluster_threshold_2_9' to 'ap_none'.
INFO: [RTGEN 206-500] Setting interface mode on port 'hcal_cluster_hls/cluster_threshold_2_10' to 'ap_none'.
INFO: [RTGEN 206-500] Setting interface mode on port 'hcal_cluster_hls/cluster_threshold_2_11' to 'ap_none'.
INFO: [RTGEN 206-500] Setting interface mode on port 'hcal_cluster_hls/cluster_threshold_3_0' to 'ap_none'.
INFO: [RTGEN 206-500] Setting interface mode on port 'hcal_cluster_hls/cluster_threshold_3_1' to 'ap_none'.
INFO: [RTGEN 206-500] Setting interface mode on port 'hcal_cluster_hls/cluster_threshold_3_2' to 'ap_none'.
INFO: [RTGEN 206-500] Setting interface mode on port 'hcal_cluster_hls/cluster_threshold_3_3' to 'ap_none'.
INFO: [RTGEN 206-500] Setting interface mode on port 'hcal_cluster_hls/cluster_threshold_3_4' to 'ap_none'.
INFO: [RTGEN 206-500] Setting interface mode on port 'hcal_cluster_hls/cluster_threshold_3_5' to 'ap_none'.
INFO: [RTGEN 206-500] Setting interface mode on port 'hcal_cluster_hls/cluster_threshold_3_6' to 'ap_none'.
INFO: [RTGEN 206-500] Setting interface mode on port 'hcal_cluster_hls/cluster_threshold_3_7' to 'ap_none'.
INFO: [RTGEN 206-500] Setting interface mode on port 'hcal_cluster_hls/cluster_threshold_3_8' to 'ap_none'.
INFO: [RTGEN 206-500] Setting interface mode on port 'hcal_cluster_hls/cluster_threshold_3_9' to 'ap_none'.
INFO: [RTGEN 206-500] Setting interface mode on port 'hcal_cluster_hls/cluster_threshold_3_10' to 'ap_none'.
INFO: [RTGEN 206-500] Setting interface mode on port 'hcal_cluster_hls/cluster_threshold_3_11' to 'ap_none'.
INFO: [RTGEN 206-500] Setting interface mode on port 'hcal_cluster_hls/cluster_threshold_4_0' to 'ap_none'.
INFO: [RTGEN 206-500] Setting interface mode on port 'hcal_cluster_hls/cluster_threshold_4_1' to 'ap_none'.
INFO: [RTGEN 206-500] Setting interface mode on port 'hcal_cluster_hls/cluster_threshold_4_2' to 'ap_none'.
INFO: [RTGEN 206-500] Setting interface mode on port 'hcal_cluster_hls/cluster_threshold_4_3' to 'ap_none'.
INFO: [RTGEN 206-500] Setting interface mode on port 'hcal_cluster_hls/cluster_threshold_4_4' to 'ap_none'.
INFO: [RTGEN 206-500] Setting interface mode on port 'hcal_cluster_hls/cluster_threshold_4_5' to 'ap_none'.
INFO: [RTGEN 206-500] Setting interface mode on port 'hcal_cluster_hls/cluster_threshold_4_6' to 'ap_none'.
INFO: [RTGEN 206-500] Setting interface mode on port 'hcal_cluster_hls/cluster_threshold_4_7' to 'ap_none'.
INFO: [RTGEN 206-500] Setting interface mode on port 'hcal_cluster_hls/cluster_threshold_4_8' to 'ap_none'.
INFO: [RTGEN 206-500] Setting interface mode on port 'hcal_cluster_hls/cluster_threshold_4_9' to 'ap_none'.
INFO: [RTGEN 206-500] Setting interface mode on port 'hcal_cluster_hls/cluster_threshold_4_10' to 'ap_none'.
INFO: [RTGEN 206-500] Setting interface mode on port 'hcal_cluster_hls/cluster_threshold_4_11' to 'ap_none'.
INFO: [RTGEN 206-500] Setting interface mode on port 'hcal_cluster_hls/cluster_threshold_5_0' to 'ap_none'.
INFO: [RTGEN 206-500] Setting interface mode on port 'hcal_cluster_hls/cluster_threshold_5_1' to 'ap_none'.
INFO: [RTGEN 206-500] Setting interface mode on port 'hcal_cluster_hls/cluster_threshold_5_2' to 'ap_none'.
INFO: [RTGEN 206-500] Setting interface mode on port 'hcal_cluster_hls/cluster_threshold_5_3' to 'ap_none'.
INFO: [RTGEN 206-500] Setting interface mode on port 'hcal_cluster_hls/cluster_threshold_5_4' to 'ap_none'.
INFO: [RTGEN 206-500] Setting interface mode on port 'hcal_cluster_hls/cluster_threshold_5_5' to 'ap_none'.
INFO: [RTGEN 206-500] Setting interface mode on port 'hcal_cluster_hls/cluster_threshold_5_6' to 'ap_none'.
INFO: [RTGEN 206-500] Setting interface mode on port 'hcal_cluster_hls/cluster_threshold_5_7' to 'ap_none'.
INFO: [RTGEN 206-500] Setting interface mode on port 'hcal_cluster_hls/cluster_threshold_5_8' to 'ap_none'.
INFO: [RTGEN 206-500] Setting interface mode on port 'hcal_cluster_hls/cluster_threshold_5_9' to 'ap_none'.
INFO: [RTGEN 206-500] Setting interface mode on port 'hcal_cluster_hls/cluster_threshold_5_10' to 'ap_none'.
INFO: [RTGEN 206-500] Setting interface mode on port 'hcal_cluster_hls/cluster_threshold_5_11' to 'ap_none'.
INFO: [RTGEN 206-500] Setting interface mode on port 'hcal_cluster_hls/cluster_threshold_6_0' to 'ap_none'.
INFO: [RTGEN 206-500] Setting interface mode on port 'hcal_cluster_hls/cluster_threshold_6_1' to 'ap_none'.
INFO: [RTGEN 206-500] Setting interface mode on port 'hcal_cluster_hls/cluster_threshold_6_2' to 'ap_none'.
INFO: [RTGEN 206-500] Setting interface mode on port 'hcal_cluster_hls/cluster_threshold_6_3' to 'ap_none'.
INFO: [RTGEN 206-500] Setting interface mode on port 'hcal_cluster_hls/cluster_threshold_6_4' to 'ap_none'.
INFO: [RTGEN 206-500] Setting interface mode on port 'hcal_cluster_hls/cluster_threshold_6_5' to 'ap_none'.
INFO: [RTGEN 206-500] Setting interface mode on port 'hcal_cluster_hls/cluster_threshold_6_6' to 'ap_none'.
INFO: [RTGEN 206-500] Setting interface mode on port 'hcal_cluster_hls/cluster_threshold_6_7' to 'ap_none'.
INFO: [RTGEN 206-500] Setting interface mode on port 'hcal_cluster_hls/cluster_threshold_6_8' to 'ap_none'.
INFO: [RTGEN 206-500] Setting interface mode on port 'hcal_cluster_hls/cluster_threshold_6_9' to 'ap_none'.
INFO: [RTGEN 206-500] Setting interface mode on port 'hcal_cluster_hls/cluster_threshold_6_10' to 'ap_none'.
INFO: [RTGEN 206-500] Setting interface mode on port 'hcal_cluster_hls/cluster_threshold_6_11' to 'ap_none'.
INFO: [RTGEN 206-500] Setting interface mode on port 'hcal_cluster_hls/cluster_threshold_7_0' to 'ap_none'.
INFO: [RTGEN 206-500] Setting interface mode on port 'hcal_cluster_hls/cluster_threshold_7_1' to 'ap_none'.
INFO: [RTGEN 206-500] Setting interface mode on port 'hcal_cluster_hls/cluster_threshold_7_2' to 'ap_none'.
INFO: [RTGEN 206-500] Setting interface mode on port 'hcal_cluster_hls/cluster_threshold_7_3' to 'ap_none'.
INFO: [RTGEN 206-500] Setting interface mode on port 'hcal_cluster_hls/cluster_threshold_7_4' to 'ap_none'.
INFO: [RTGEN 206-500] Setting interface mode on port 'hcal_cluster_hls/cluster_threshold_7_5' to 'ap_none'.
INFO: [RTGEN 206-500] Setting interface mode on port 'hcal_cluster_hls/cluster_threshold_7_6' to 'ap_none'.
INFO: [RTGEN 206-500] Setting interface mode on port 'hcal_cluster_hls/cluster_threshold_7_7' to 'ap_none'.
INFO: [RTGEN 206-500] Setting interface mode on port 'hcal_cluster_hls/cluster_threshold_7_8' to 'ap_none'.
INFO: [RTGEN 206-500] Setting interface mode on port 'hcal_cluster_hls/cluster_threshold_7_9' to 'ap_none'.
INFO: [RTGEN 206-500] Setting interface mode on port 'hcal_cluster_hls/cluster_threshold_7_10' to 'ap_none'.
INFO: [RTGEN 206-500] Setting interface mode on port 'hcal_cluster_hls/cluster_threshold_7_11' to 'ap_none'.
INFO: [RTGEN 206-500] Setting interface mode on port 'hcal_cluster_hls/cluster_threshold_8_0' to 'ap_none'.
INFO: [RTGEN 206-500] Setting interface mode on port 'hcal_cluster_hls/cluster_threshold_8_1' to 'ap_none'.
INFO: [RTGEN 206-500] Setting interface mode on port 'hcal_cluster_hls/cluster_threshold_8_2' to 'ap_none'.
INFO: [RTGEN 206-500] Setting interface mode on port 'hcal_cluster_hls/cluster_threshold_8_3' to 'ap_none'.
INFO: [RTGEN 206-500] Setting interface mode on port 'hcal_cluster_hls/cluster_threshold_8_4' to 'ap_none'.
INFO: [RTGEN 206-500] Setting interface mode on port 'hcal_cluster_hls/cluster_threshold_8_5' to 'ap_none'.
INFO: [RTGEN 206-500] Setting interface mode on port 'hcal_cluster_hls/cluster_threshold_8_6' to 'ap_none'.
INFO: [RTGEN 206-500] Setting interface mode on port 'hcal_cluster_hls/cluster_threshold_8_7' to 'ap_none'.
INFO: [RTGEN 206-500] Setting interface mode on port 'hcal_cluster_hls/cluster_threshold_8_8' to 'ap_none'.
INFO: [RTGEN 206-500] Setting interface mode on port 'hcal_cluster_hls/cluster_threshold_8_9' to 'ap_none'.
INFO: [RTGEN 206-500] Setting interface mode on port 'hcal_cluster_hls/cluster_threshold_8_10' to 'ap_none'.
INFO: [RTGEN 206-500] Setting interface mode on port 'hcal_cluster_hls/cluster_threshold_8_11' to 'ap_none'.
INFO: [RTGEN 206-500] Setting interface mode on port 'hcal_cluster_hls/cluster_threshold_9_0' to 'ap_none'.
INFO: [RTGEN 206-500] Setting interface mode on port 'hcal_cluster_hls/cluster_threshold_9_1' to 'ap_none'.
INFO: [RTGEN 206-500] Setting interface mode on port 'hcal_cluster_hls/cluster_threshold_9_2' to 'ap_none'.
INFO: [RTGEN 206-500] Setting interface mode on port 'hcal_cluster_hls/cluster_threshold_9_3' to 'ap_none'.
INFO: [RTGEN 206-500] Setting interface mode on port 'hcal_cluster_hls/cluster_threshold_9_4' to 'ap_none'.
INFO: [RTGEN 206-500] Setting interface mode on port 'hcal_cluster_hls/cluster_threshold_9_5' to 'ap_none'.
INFO: [RTGEN 206-500] Setting interface mode on port 'hcal_cluster_hls/cluster_threshold_9_6' to 'ap_none'.
INFO: [RTGEN 206-500] Setting interface mode on port 'hcal_cluster_hls/cluster_threshold_9_7' to 'ap_none'.
INFO: [RTGEN 206-500] Setting interface mode on port 'hcal_cluster_hls/cluster_threshold_9_8' to 'ap_none'.
INFO: [RTGEN 206-500] Setting interface mode on port 'hcal_cluster_hls/cluster_threshold_9_9' to 'ap_none'.
INFO: [RTGEN 206-500] Setting interface mode on port 'hcal_cluster_hls/cluster_threshold_9_10' to 'ap_none'.
INFO: [RTGEN 206-500] Setting interface mode on port 'hcal_cluster_hls/cluster_threshold_9_11' to 'ap_none'.
INFO: [RTGEN 206-500] Setting interface mode on port 'hcal_cluster_hls/cluster_threshold_10_0' to 'ap_none'.
INFO: [RTGEN 206-500] Setting interface mode on port 'hcal_cluster_hls/cluster_threshold_10_1' to 'ap_none'.
INFO: [RTGEN 206-500] Setting interface mode on port 'hcal_cluster_hls/cluster_threshold_10_2' to 'ap_none'.
INFO: [RTGEN 206-500] Setting interface mode on port 'hcal_cluster_hls/cluster_threshold_10_3' to 'ap_none'.
INFO: [RTGEN 206-500] Setting interface mode on port 'hcal_cluster_hls/cluster_threshold_10_4' to 'ap_none'.
INFO: [RTGEN 206-500] Setting interface mode on port 'hcal_cluster_hls/cluster_threshold_10_5' to 'ap_none'.
INFO: [RTGEN 206-500] Setting interface mode on port 'hcal_cluster_hls/cluster_threshold_10_6' to 'ap_none'.
INFO: [RTGEN 206-500] Setting interface mode on port 'hcal_cluster_hls/cluster_threshold_10_7' to 'ap_none'.
INFO: [RTGEN 206-500] Setting interface mode on port 'hcal_cluster_hls/cluster_threshold_10_8' to 'ap_none'.
INFO: [RTGEN 206-500] Setting interface mode on port 'hcal_cluster_hls/cluster_threshold_10_9' to 'ap_none'.
INFO: [RTGEN 206-500] Setting interface mode on port 'hcal_cluster_hls/cluster_threshold_10_10' to 'ap_none'.
INFO: [RTGEN 206-500] Setting interface mode on port 'hcal_cluster_hls/cluster_threshold_10_11' to 'ap_none'.
INFO: [RTGEN 206-500] Setting interface mode on port 'hcal_cluster_hls/cluster_threshold_11_0' to 'ap_none'.
INFO: [RTGEN 206-500] Setting interface mode on port 'hcal_cluster_hls/cluster_threshold_11_1' to 'ap_none'.
INFO: [RTGEN 206-500] Setting interface mode on port 'hcal_cluster_hls/cluster_threshold_11_2' to 'ap_none'.
INFO: [RTGEN 206-500] Setting interface mode on port 'hcal_cluster_hls/cluster_threshold_11_3' to 'ap_none'.
INFO: [RTGEN 206-500] Setting interface mode on port 'hcal_cluster_hls/cluster_threshold_11_4' to 'ap_none'.
INFO: [RTGEN 206-500] Setting interface mode on port 'hcal_cluster_hls/cluster_threshold_11_5' to 'ap_none'.
INFO: [RTGEN 206-500] Setting interface mode on port 'hcal_cluster_hls/cluster_threshold_11_6' to 'ap_none'.
INFO: [RTGEN 206-500] Setting interface mode on port 'hcal_cluster_hls/cluster_threshold_11_7' to 'ap_none'.
INFO: [RTGEN 206-500] Setting interface mode on port 'hcal_cluster_hls/cluster_threshold_11_8' to 'ap_none'.
INFO: [RTGEN 206-500] Setting interface mode on port 'hcal_cluster_hls/cluster_threshold_11_9' to 'ap_none'.
INFO: [RTGEN 206-500] Setting interface mode on port 'hcal_cluster_hls/cluster_threshold_11_10' to 'ap_none'.
INFO: [RTGEN 206-500] Setting interface mode on port 'hcal_cluster_hls/cluster_threshold_11_11' to 'ap_none'.
INFO: [RTGEN 206-500] Setting interface mode on port 'hcal_cluster_hls/cluster_threshold_12_0' to 'ap_none'.
INFO: [RTGEN 206-500] Setting interface mode on port 'hcal_cluster_hls/cluster_threshold_12_1' to 'ap_none'.
INFO: [RTGEN 206-500] Setting interface mode on port 'hcal_cluster_hls/cluster_threshold_12_2' to 'ap_none'.
INFO: [RTGEN 206-500] Setting interface mode on port 'hcal_cluster_hls/cluster_threshold_12_3' to 'ap_none'.
INFO: [RTGEN 206-500] Setting interface mode on port 'hcal_cluster_hls/cluster_threshold_12_4' to 'ap_none'.
INFO: [RTGEN 206-500] Setting interface mode on port 'hcal_cluster_hls/cluster_threshold_12_5' to 'ap_none'.
INFO: [RTGEN 206-500] Setting interface mode on port 'hcal_cluster_hls/cluster_threshold_12_6' to 'ap_none'.
INFO: [RTGEN 206-500] Setting interface mode on port 'hcal_cluster_hls/cluster_threshold_12_7' to 'ap_none'.
INFO: [RTGEN 206-500] Setting interface mode on port 'hcal_cluster_hls/cluster_threshold_12_8' to 'ap_none'.
INFO: [RTGEN 206-500] Setting interface mode on port 'hcal_cluster_hls/cluster_threshold_12_9' to 'ap_none'.
INFO: [RTGEN 206-500] Setting interface mode on port 'hcal_cluster_hls/cluster_threshold_12_10' to 'ap_none'.
INFO: [RTGEN 206-500] Setting interface mode on port 'hcal_cluster_hls/cluster_threshold_12_11' to 'ap_none'.
INFO: [RTGEN 206-500] Setting interface mode on port 'hcal_cluster_hls/cluster_threshold_13_0' to 'ap_none'.
INFO: [RTGEN 206-500] Setting interface mode on port 'hcal_cluster_hls/cluster_threshold_13_1' to 'ap_none'.
INFO: [RTGEN 206-500] Setting interface mode on port 'hcal_cluster_hls/cluster_threshold_13_2' to 'ap_none'.
INFO: [RTGEN 206-500] Setting interface mode on port 'hcal_cluster_hls/cluster_threshold_13_3' to 'ap_none'.
INFO: [RTGEN 206-500] Setting interface mode on port 'hcal_cluster_hls/cluster_threshold_13_4' to 'ap_none'.
INFO: [RTGEN 206-500] Setting interface mode on port 'hcal_cluster_hls/cluster_threshold_13_5' to 'ap_none'.
INFO: [RTGEN 206-500] Setting interface mode on port 'hcal_cluster_hls/cluster_threshold_13_6' to 'ap_none'.
INFO: [RTGEN 206-500] Setting interface mode on port 'hcal_cluster_hls/cluster_threshold_13_7' to 'ap_none'.
INFO: [RTGEN 206-500] Setting interface mode on port 'hcal_cluster_hls/cluster_threshold_13_8' to 'ap_none'.
INFO: [RTGEN 206-500] Setting interface mode on port 'hcal_cluster_hls/cluster_threshold_13_9' to 'ap_none'.
INFO: [RTGEN 206-500] Setting interface mode on port 'hcal_cluster_hls/cluster_threshold_13_10' to 'ap_none'.
INFO: [RTGEN 206-500] Setting interface mode on port 'hcal_cluster_hls/cluster_threshold_13_11' to 'ap_none'.
INFO: [RTGEN 206-500] Setting interface mode on port 'hcal_cluster_hls/cluster_threshold_14_0' to 'ap_none'.
INFO: [RTGEN 206-500] Setting interface mode on port 'hcal_cluster_hls/cluster_threshold_14_1' to 'ap_none'.
INFO: [RTGEN 206-500] Setting interface mode on port 'hcal_cluster_hls/cluster_threshold_14_2' to 'ap_none'.
INFO: [RTGEN 206-500] Setting interface mode on port 'hcal_cluster_hls/cluster_threshold_14_3' to 'ap_none'.
INFO: [RTGEN 206-500] Setting interface mode on port 'hcal_cluster_hls/cluster_threshold_14_4' to 'ap_none'.
INFO: [RTGEN 206-500] Setting interface mode on port 'hcal_cluster_hls/cluster_threshold_14_5' to 'ap_none'.
INFO: [RTGEN 206-500] Setting interface mode on port 'hcal_cluster_hls/cluster_threshold_14_6' to 'ap_none'.
INFO: [RTGEN 206-500] Setting interface mode on port 'hcal_cluster_hls/cluster_threshold_14_7' to 'ap_none'.
INFO: [RTGEN 206-500] Setting interface mode on port 'hcal_cluster_hls/cluster_threshold_14_8' to 'ap_none'.
INFO: [RTGEN 206-500] Setting interface mode on port 'hcal_cluster_hls/cluster_threshold_14_9' to 'ap_none'.
INFO: [RTGEN 206-500] Setting interface mode on port 'hcal_cluster_hls/cluster_threshold_14_10' to 'ap_none'.
INFO: [RTGEN 206-500] Setting interface mode on port 'hcal_cluster_hls/cluster_threshold_14_11' to 'ap_none'.
INFO: [RTGEN 206-500] Setting interface mode on port 'hcal_cluster_hls/cluster_threshold_15_0' to 'ap_none'.
INFO: [RTGEN 206-500] Setting interface mode on port 'hcal_cluster_hls/cluster_threshold_15_1' to 'ap_none'.
INFO: [RTGEN 206-500] Setting interface mode on port 'hcal_cluster_hls/cluster_threshold_15_2' to 'ap_none'.
INFO: [RTGEN 206-500] Setting interface mode on port 'hcal_cluster_hls/cluster_threshold_15_3' to 'ap_none'.
INFO: [RTGEN 206-500] Setting interface mode on port 'hcal_cluster_hls/cluster_threshold_15_4' to 'ap_none'.
INFO: [RTGEN 206-500] Setting interface mode on port 'hcal_cluster_hls/cluster_threshold_15_5' to 'ap_none'.
INFO: [RTGEN 206-500] Setting interface mode on port 'hcal_cluster_hls/cluster_threshold_15_6' to 'ap_none'.
INFO: [RTGEN 206-500] Setting interface mode on port 'hcal_cluster_hls/cluster_threshold_15_7' to 'ap_none'.
INFO: [RTGEN 206-500] Setting interface mode on port 'hcal_cluster_hls/cluster_threshold_15_8' to 'ap_none'.
INFO: [RTGEN 206-500] Setting interface mode on port 'hcal_cluster_hls/cluster_threshold_15_9' to 'ap_none'.
INFO: [RTGEN 206-500] Setting interface mode on port 'hcal_cluster_hls/cluster_threshold_15_10' to 'ap_none'.
INFO: [RTGEN 206-500] Setting interface mode on port 'hcal_cluster_hls/cluster_threshold_15_11' to 'ap_none'.
INFO: [RTGEN 206-500] Setting interface mode on port 'hcal_cluster_hls/cluster_threshold_16_0' to 'ap_none'.
INFO: [RTGEN 206-500] Setting interface mode on port 'hcal_cluster_hls/cluster_threshold_16_1' to 'ap_none'.
INFO: [RTGEN 206-500] Setting interface mode on port 'hcal_cluster_hls/cluster_threshold_16_2' to 'ap_none'.
INFO: [RTGEN 206-500] Setting interface mode on port 'hcal_cluster_hls/cluster_threshold_16_3' to 'ap_none'.
INFO: [RTGEN 206-500] Setting interface mode on port 'hcal_cluster_hls/cluster_threshold_16_4' to 'ap_none'.
INFO: [RTGEN 206-500] Setting interface mode on port 'hcal_cluster_hls/cluster_threshold_16_5' to 'ap_none'.
INFO: [RTGEN 206-500] Setting interface mode on port 'hcal_cluster_hls/cluster_threshold_16_6' to 'ap_none'.
INFO: [RTGEN 206-500] Setting interface mode on port 'hcal_cluster_hls/cluster_threshold_16_7' to 'ap_none'.
INFO: [RTGEN 206-500] Setting interface mode on port 'hcal_cluster_hls/cluster_threshold_16_8' to 'ap_none'.
INFO: [RTGEN 206-500] Setting interface mode on port 'hcal_cluster_hls/cluster_threshold_16_9' to 'ap_none'.
INFO: [RTGEN 206-500] Setting interface mode on port 'hcal_cluster_hls/cluster_threshold_16_10' to 'ap_none'.
INFO: [RTGEN 206-500] Setting interface mode on port 'hcal_cluster_hls/cluster_threshold_16_11' to 'ap_none'.
INFO: [RTGEN 206-500] Setting interface mode on port 'hcal_cluster_hls/cluster_threshold_17_0' to 'ap_none'.
INFO: [RTGEN 206-500] Setting interface mode on port 'hcal_cluster_hls/cluster_threshold_17_1' to 'ap_none'.
INFO: [RTGEN 206-500] Setting interface mode on port 'hcal_cluster_hls/cluster_threshold_17_2' to 'ap_none'.
INFO: [RTGEN 206-500] Setting interface mode on port 'hcal_cluster_hls/cluster_threshold_17_3' to 'ap_none'.
INFO: [RTGEN 206-500] Setting interface mode on port 'hcal_cluster_hls/cluster_threshold_17_4' to 'ap_none'.
INFO: [RTGEN 206-500] Setting interface mode on port 'hcal_cluster_hls/cluster_threshold_17_5' to 'ap_none'.
INFO: [RTGEN 206-500] Setting interface mode on port 'hcal_cluster_hls/cluster_threshold_17_6' to 'ap_none'.
INFO: [RTGEN 206-500] Setting interface mode on port 'hcal_cluster_hls/cluster_threshold_17_7' to 'ap_none'.
INFO: [RTGEN 206-500] Setting interface mode on port 'hcal_cluster_hls/cluster_threshold_17_8' to 'ap_none'.
INFO: [RTGEN 206-500] Setting interface mode on port 'hcal_cluster_hls/cluster_threshold_17_9' to 'ap_none'.
INFO: [RTGEN 206-500] Setting interface mode on port 'hcal_cluster_hls/cluster_threshold_17_10' to 'ap_none'.
INFO: [RTGEN 206-500] Setting interface mode on port 'hcal_cluster_hls/cluster_threshold_17_11' to 'ap_none'.
INFO: [RTGEN 206-500] Setting interface mode on port 'hcal_cluster_hls/cluster_threshold_18_0' to 'ap_none'.
INFO: [RTGEN 206-500] Setting interface mode on port 'hcal_cluster_hls/cluster_threshold_18_1' to 'ap_none'.
INFO: [RTGEN 206-500] Setting interface mode on port 'hcal_cluster_hls/cluster_threshold_18_2' to 'ap_none'.
INFO: [RTGEN 206-500] Setting interface mode on port 'hcal_cluster_hls/cluster_threshold_18_3' to 'ap_none'.
INFO: [RTGEN 206-500] Setting interface mode on port 'hcal_cluster_hls/cluster_threshold_18_4' to 'ap_none'.
INFO: [RTGEN 206-500] Setting interface mode on port 'hcal_cluster_hls/cluster_threshold_18_5' to 'ap_none'.
INFO: [RTGEN 206-500] Setting interface mode on port 'hcal_cluster_hls/cluster_threshold_18_6' to 'ap_none'.
INFO: [RTGEN 206-500] Setting interface mode on port 'hcal_cluster_hls/cluster_threshold_18_7' to 'ap_none'.
INFO: [RTGEN 206-500] Setting interface mode on port 'hcal_cluster_hls/cluster_threshold_18_8' to 'ap_none'.
INFO: [RTGEN 206-500] Setting interface mode on port 'hcal_cluster_hls/cluster_threshold_18_9' to 'ap_none'.
INFO: [RTGEN 206-500] Setting interface mode on port 'hcal_cluster_hls/cluster_threshold_18_10' to 'ap_none'.
INFO: [RTGEN 206-500] Setting interface mode on port 'hcal_cluster_hls/cluster_threshold_18_11' to 'ap_none'.
INFO: [RTGEN 206-500] Setting interface mode on port 'hcal_cluster_hls/cluster_threshold_19_0' to 'ap_none'.
INFO: [RTGEN 206-500] Setting interface mode on port 'hcal_cluster_hls/cluster_threshold_19_1' to 'ap_none'.
INFO: [RTGEN 206-500] Setting interface mode on port 'hcal_cluster_hls/cluster_threshold_19_2' to 'ap_none'.
INFO: [RTGEN 206-500] Setting interface mode on port 'hcal_cluster_hls/cluster_threshold_19_3' to 'ap_none'.
INFO: [RTGEN 206-500] Setting interface mode on port 'hcal_cluster_hls/cluster_threshold_19_4' to 'ap_none'.
INFO: [RTGEN 206-500] Setting interface mode on port 'hcal_cluster_hls/cluster_threshold_19_5' to 'ap_none'.
INFO: [RTGEN 206-500] Setting interface mode on port 'hcal_cluster_hls/cluster_threshold_19_6' to 'ap_none'.
INFO: [RTGEN 206-500] Setting interface mode on port 'hcal_cluster_hls/cluster_threshold_19_7' to 'ap_none'.
INFO: [RTGEN 206-500] Setting interface mode on port 'hcal_cluster_hls/cluster_threshold_19_8' to 'ap_none'.
INFO: [RTGEN 206-500] Setting interface mode on port 'hcal_cluster_hls/cluster_threshold_19_9' to 'ap_none'.
INFO: [RTGEN 206-500] Setting interface mode on port 'hcal_cluster_hls/cluster_threshold_19_10' to 'ap_none'.
INFO: [RTGEN 206-500] Setting interface mode on port 'hcal_cluster_hls/cluster_threshold_19_11' to 'ap_none'.
INFO: [RTGEN 206-500] Setting interface mode on port 'hcal_cluster_hls/cluster_threshold_20_0' to 'ap_none'.
INFO: [RTGEN 206-500] Setting interface mode on port 'hcal_cluster_hls/cluster_threshold_20_1' to 'ap_none'.
INFO: [RTGEN 206-500] Setting interface mode on port 'hcal_cluster_hls/cluster_threshold_20_2' to 'ap_none'.
INFO: [RTGEN 206-500] Setting interface mode on port 'hcal_cluster_hls/cluster_threshold_20_3' to 'ap_none'.
INFO: [RTGEN 206-500] Setting interface mode on port 'hcal_cluster_hls/cluster_threshold_20_4' to 'ap_none'.
INFO: [RTGEN 206-500] Setting interface mode on port 'hcal_cluster_hls/cluster_threshold_20_5' to 'ap_none'.
INFO: [RTGEN 206-500] Setting interface mode on port 'hcal_cluster_hls/cluster_threshold_20_6' to 'ap_none'.
INFO: [RTGEN 206-500] Setting interface mode on port 'hcal_cluster_hls/cluster_threshold_20_7' to 'ap_none'.
INFO: [RTGEN 206-500] Setting interface mode on port 'hcal_cluster_hls/cluster_threshold_20_8' to 'ap_none'.
INFO: [RTGEN 206-500] Setting interface mode on port 'hcal_cluster_hls/cluster_threshold_20_9' to 'ap_none'.
INFO: [RTGEN 206-500] Setting interface mode on port 'hcal_cluster_hls/cluster_threshold_20_10' to 'ap_none'.
INFO: [RTGEN 206-500] Setting interface mode on port 'hcal_cluster_hls/cluster_threshold_20_11' to 'ap_none'.
INFO: [RTGEN 206-500] Setting interface mode on port 'hcal_cluster_hls/cluster_threshold_21_0' to 'ap_none'.
INFO: [RTGEN 206-500] Setting interface mode on port 'hcal_cluster_hls/cluster_threshold_21_1' to 'ap_none'.
INFO: [RTGEN 206-500] Setting interface mode on port 'hcal_cluster_hls/cluster_threshold_21_2' to 'ap_none'.
INFO: [RTGEN 206-500] Setting interface mode on port 'hcal_cluster_hls/cluster_threshold_21_3' to 'ap_none'.
INFO: [RTGEN 206-500] Setting interface mode on port 'hcal_cluster_hls/cluster_threshold_21_4' to 'ap_none'.
INFO: [RTGEN 206-500] Setting interface mode on port 'hcal_cluster_hls/cluster_threshold_21_5' to 'ap_none'.
INFO: [RTGEN 206-500] Setting interface mode on port 'hcal_cluster_hls/cluster_threshold_21_6' to 'ap_none'.
INFO: [RTGEN 206-500] Setting interface mode on port 'hcal_cluster_hls/cluster_threshold_21_7' to 'ap_none'.
INFO: [RTGEN 206-500] Setting interface mode on port 'hcal_cluster_hls/cluster_threshold_21_8' to 'ap_none'.
INFO: [RTGEN 206-500] Setting interface mode on port 'hcal_cluster_hls/cluster_threshold_21_9' to 'ap_none'.
INFO: [RTGEN 206-500] Setting interface mode on port 'hcal_cluster_hls/cluster_threshold_21_10' to 'ap_none'.
INFO: [RTGEN 206-500] Setting interface mode on port 'hcal_cluster_hls/cluster_threshold_21_11' to 'ap_none'.
INFO: [RTGEN 206-500] Setting interface mode on port 'hcal_cluster_hls/cluster_threshold_22_0' to 'ap_none'.
INFO: [RTGEN 206-500] Setting interface mode on port 'hcal_cluster_hls/cluster_threshold_22_1' to 'ap_none'.
INFO: [RTGEN 206-500] Setting interface mode on port 'hcal_cluster_hls/cluster_threshold_22_2' to 'ap_none'.
INFO: [RTGEN 206-500] Setting interface mode on port 'hcal_cluster_hls/cluster_threshold_22_3' to 'ap_none'.
INFO: [RTGEN 206-500] Setting interface mode on port 'hcal_cluster_hls/cluster_threshold_22_4' to 'ap_none'.
INFO: [RTGEN 206-500] Setting interface mode on port 'hcal_cluster_hls/cluster_threshold_22_5' to 'ap_none'.
INFO: [RTGEN 206-500] Setting interface mode on port 'hcal_cluster_hls/cluster_threshold_22_6' to 'ap_none'.
INFO: [RTGEN 206-500] Setting interface mode on port 'hcal_cluster_hls/cluster_threshold_22_7' to 'ap_none'.
INFO: [RTGEN 206-500] Setting interface mode on port 'hcal_cluster_hls/cluster_threshold_22_8' to 'ap_none'.
INFO: [RTGEN 206-500] Setting interface mode on port 'hcal_cluster_hls/cluster_threshold_22_9' to 'ap_none'.
INFO: [RTGEN 206-500] Setting interface mode on port 'hcal_cluster_hls/cluster_threshold_22_10' to 'ap_none'.
INFO: [RTGEN 206-500] Setting interface mode on port 'hcal_cluster_hls/cluster_threshold_22_11' to 'ap_none'.
INFO: [RTGEN 206-500] Setting interface mode on port 'hcal_cluster_hls/cluster_threshold_23_0' to 'ap_none'.
INFO: [RTGEN 206-500] Setting interface mode on port 'hcal_cluster_hls/cluster_threshold_23_1' to 'ap_none'.
INFO: [RTGEN 206-500] Setting interface mode on port 'hcal_cluster_hls/cluster_threshold_23_2' to 'ap_none'.
INFO: [RTGEN 206-500] Setting interface mode on port 'hcal_cluster_hls/cluster_threshold_23_3' to 'ap_none'.
INFO: [RTGEN 206-500] Setting interface mode on port 'hcal_cluster_hls/cluster_threshold_23_4' to 'ap_none'.
INFO: [RTGEN 206-500] Setting interface mode on port 'hcal_cluster_hls/cluster_threshold_23_5' to 'ap_none'.
INFO: [RTGEN 206-500] Setting interface mode on port 'hcal_cluster_hls/cluster_threshold_23_6' to 'ap_none'.
INFO: [RTGEN 206-500] Setting interface mode on port 'hcal_cluster_hls/cluster_threshold_23_7' to 'ap_none'.
INFO: [RTGEN 206-500] Setting interface mode on port 'hcal_cluster_hls/cluster_threshold_23_8' to 'ap_none'.
INFO: [RTGEN 206-500] Setting interface mode on port 'hcal_cluster_hls/cluster_threshold_23_9' to 'ap_none'.
INFO: [RTGEN 206-500] Setting interface mode on port 'hcal_cluster_hls/cluster_threshold_23_10' to 'ap_none'.
INFO: [RTGEN 206-500] Setting interface mode on port 'hcal_cluster_hls/cluster_threshold_23_11' to 'ap_none'.
INFO: [RTGEN 206-500] Setting interface mode on port 'hcal_cluster_hls/s_fadc_hits_vxs' to 'ap_fifo'.
INFO: [RTGEN 206-500] Setting interface mode on port 'hcal_cluster_hls/s_fadc_hits_fiber' to 'ap_fifo'.
INFO: [RTGEN 206-500] Setting interface mode on port 'hcal_cluster_hls/s_fiberout' to 'ap_fifo'.
INFO: [RTGEN 206-500] Setting interface mode on port 'hcal_cluster_hls/s_cluster_all_0' to 'ap_fifo'.
INFO: [RTGEN 206-500] Setting interface mode on port 'hcal_cluster_hls/s_cluster_all_1' to 'ap_fifo'.
INFO: [RTGEN 206-500] Setting interface mode on port 'hcal_cluster_hls/s_cluster_all_2' to 'ap_fifo'.
INFO: [RTGEN 206-500] Setting interface mode on port 'hcal_cluster_hls/s_cluster_all_3' to 'ap_fifo'.
INFO: [RTGEN 206-500] Setting interface mode on function 'hcal_cluster_hls' to 'ap_ctrl_hs'.
WARNING: [RTGEN 206-101] Register 'hcal_cluster_hls_ap_uint_ap_uint_ap_uint_12_stream_stream_stream_stream_37' is power-on initialization.
WARNING: [RTGEN 206-101] Register 'hcal_cluster_hls_ap_uint_ap_uint_ap_uint_12_stream_stream_stream_stream_36' is power-on initialization.
WARNING: [RTGEN 206-101] Register 'hcal_cluster_hls_ap_uint_ap_uint_ap_uint_12_stream_stream_stream_stream_75' is power-on initialization.
WARNING: [RTGEN 206-101] Register 'hcal_cluster_hls_ap_uint_ap_uint_ap_uint_12_stream_stream_stream_stream_74' is power-on initialization.
WARNING: [RTGEN 206-101] Register 'p_ZZ16hcal_cluster_hls7ap_uintILi3EES_ILi13EEPA12_S_ILi16EERN3hls6streamI13fadc_h_1555' is power-on initialization.
WARNING: [RTGEN 206-101] Register 'p_ZZ16hcal_cluster_hls7ap_uintILi3EES_ILi13EEPA12_S_ILi16EERN3hls6streamI13fadc_h_1556' is power-on initialization.
WARNING: [RTGEN 206-101] Register 'p_ZZ16hcal_cluster_hls7ap_uintILi3EES_ILi13EEPA12_S_ILi16EERN3hls6streamI13fadc_h_1987' is power-on initialization.
WARNING: [RTGEN 206-101] Register 'p_ZZ16hcal_cluster_hls7ap_uintILi3EES_ILi13EEPA12_S_ILi16EERN3hls6streamI13fadc_h_1988' is power-on initialization.
WARNING: [RTGEN 206-101] Register 'p_ZZ16hcal_cluster_hls7ap_uintILi3EES_ILi13EEPA12_S_ILi16EERN3hls6streamI13fadc_h_1667' is power-on initialization.
WARNING: [RTGEN 206-101] Register 'p_ZZ16hcal_cluster_hls7ap_uintILi3EES_ILi13EEPA12_S_ILi16EERN3hls6streamI13fadc_h_1668' is power-on initialization.
WARNING: [RTGEN 206-101] Register 'p_ZZ16hcal_cluster_hls7ap_uintILi3EES_ILi13EEPA12_S_ILi16EERN3hls6streamI13fadc_h_1129' is power-on initialization.
WARNING: [RTGEN 206-101] Register 'p_ZZ16hcal_cluster_hls7ap_uintILi3EES_ILi13EEPA12_S_ILi16EERN3hls6streamI13fadc_h_1130' is power-on initialization.
WARNING: [RTGEN 206-101] Register 'p_ZZ16hcal_cluster_hls7ap_uintILi3EES_ILi13EEPA12_S_ILi16EERN3hls6streamI13fadc_h_1561' is power-on initialization.
WARNING: [RTGEN 206-101] Register 'p_ZZ16hcal_cluster_hls7ap_uintILi3EES_ILi13EEPA12_S_ILi16EERN3hls6streamI13fadc_h_1562' is power-on initialization.
WARNING: [RTGEN 206-101] Register 'p_ZZ16hcal_cluster_hls7ap_uintILi3EES_ILi13EEPA12_S_ILi16EERN3hls6streamI13fadc_h_1993' is power-on initialization.
WARNING: [RTGEN 206-101] Register 'p_ZZ16hcal_cluster_hls7ap_uintILi3EES_ILi13EEPA12_S_ILi16EERN3hls6streamI13fadc_h_1994' is power-on initialization.
WARNING: [RTGEN 206-101] Register 'hcal_cluster_hls_ap_uint_ap_uint_ap_uint_12_stream_stream_stream_stream_5' is power-on initialization.
WARNING: [RTGEN 206-101] Register 'hcal_cluster_hls_ap_uint_ap_uint_ap_uint_12_stream_stream_stream_stream_4' is power-on initialization.
WARNING: [RTGEN 206-101] Register 'hcal_cluster_hls_ap_uint_ap_uint_ap_uint_12_stream_stream_stream_stream_71' is power-on initialization.
WARNING: [RTGEN 206-101] Register 'hcal_cluster_hls_ap_uint_ap_uint_ap_uint_12_stream_stream_stream_stream_70' is power-on initialization.
WARNING: [RTGEN 206-101] Register 'p_ZZ16hcal_cluster_hls7ap_uintILi3EES_ILi13EEPA12_S_ILi16EERN3hls6streamI13fadc_h_1711' is power-on initialization.
WARNING: [RTGEN 206-101] Register 'p_ZZ16hcal_cluster_hls7ap_uintILi3EES_ILi13EEPA12_S_ILi16EERN3hls6streamI13fadc_h_1712' is power-on initialization.
WARNING: [RTGEN 206-101] Register 'p_ZZ16hcal_cluster_hls7ap_uintILi3EES_ILi13EEPA12_S_ILi16EERN3hls6streamI13fadc_h_1173' is power-on initialization.
WARNING: [RTGEN 206-101] Register 'p_ZZ16hcal_cluster_hls7ap_uintILi3EES_ILi13EEPA12_S_ILi16EERN3hls6streamI13fadc_h_1174' is power-on initialization.
WARNING: [RTGEN 206-101] Register 'hcal_cluster_hls_ap_uint_ap_uint_ap_uint_12_stream_stream_stream_stream_25' is power-on initialization.
WARNING: [RTGEN 206-101] Register 'hcal_cluster_hls_ap_uint_ap_uint_ap_uint_12_stream_stream_stream_stream_14' is power-on initialization.
WARNING: [RTGEN 206-101] Register 'hcal_cluster_hls_ap_uint_ap_uint_ap_uint_12_stream_stream_stream_stream_73' is power-on initialization.
WARNING: [RTGEN 206-101] Register 'hcal_cluster_hls_ap_uint_ap_uint_ap_uint_12_stream_stream_stream_stream_72' is power-on initialization.
WARNING: [RTGEN 206-101] Register 'p_ZZ16hcal_cluster_hls7ap_uintILi3EES_ILi13EEPA12_S_ILi16EERN3hls6streamI13fadc_h_1629' is power-on initialization.
WARNING: [RTGEN 206-101] Register 'p_ZZ16hcal_cluster_hls7ap_uintILi3EES_ILi13EEPA12_S_ILi16EERN3hls6streamI13fadc_h_1630' is power-on initialization.
WARNING: [RTGEN 206-101] Register 'p_ZZ16hcal_cluster_hls7ap_uintILi3EES_ILi13EEPA12_S_ILi16EERN3hls6streamI13fadc_h_1091' is power-on initialization.
WARNING: [RTGEN 206-101] Register 'p_ZZ16hcal_cluster_hls7ap_uintILi3EES_ILi13EEPA12_S_ILi16EERN3hls6streamI13fadc_h_1092' is power-on initialization.
WARNING: [RTGEN 206-101] Register 'p_ZZ16hcal_cluster_hls7ap_uintILi3EES_ILi13EEPA12_S_ILi16EERN3hls6streamI13fadc_h_1537' is power-on initialization.
WARNING: [RTGEN 206-101] Register 'p_ZZ16hcal_cluster_hls7ap_uintILi3EES_ILi13EEPA12_S_ILi16EERN3hls6streamI13fadc_h_1538' is power-on initialization.
WARNING: [RTGEN 206-101] Register 'p_ZZ16hcal_cluster_hls7ap_uintILi3EES_ILi13EEPA12_S_ILi16EERN3hls6streamI13fadc_h_1967' is power-on initialization.
WARNING: [RTGEN 206-101] Register 'p_ZZ16hcal_cluster_hls7ap_uintILi3EES_ILi13EEPA12_S_ILi16EERN3hls6streamI13fadc_h_1968' is power-on initialization.
WARNING: [RTGEN 206-101] Register 'p_ZZ16hcal_cluster_hls7ap_uintILi3EES_ILi13EEPA12_S_ILi16EERN3hls6streamI13fadc_h_1885' is power-on initialization.
WARNING: [RTGEN 206-101] Register 'p_ZZ16hcal_cluster_hls7ap_uintILi3EES_ILi13EEPA12_S_ILi16EERN3hls6streamI13fadc_h_1886' is power-on initialization.
WARNING: [RTGEN 206-101] Register 'p_ZZ16hcal_cluster_hls7ap_uintILi3EES_ILi13EEPA12_S_ILi16EERN3hls6streamI13fadc_h_1347' is power-on initialization.
WARNING: [RTGEN 206-101] Register 'p_ZZ16hcal_cluster_hls7ap_uintILi3EES_ILi13EEPA12_S_ILi16EERN3hls6streamI13fadc_h_1348' is power-on initialization.
WARNING: [RTGEN 206-101] Register 'p_ZZ16hcal_cluster_hls7ap_uintILi3EES_ILi13EEPA12_S_ILi16EERN3hls6streamI13fadc_h_1557' is power-on initialization.
WARNING: [RTGEN 206-101] Register 'p_ZZ16hcal_cluster_hls7ap_uintILi3EES_ILi13EEPA12_S_ILi16EERN3hls6streamI13fadc_h_1558' is power-on initialization.
WARNING: [RTGEN 206-101] Register 'p_ZZ16hcal_cluster_hls7ap_uintILi3EES_ILi13EEPA12_S_ILi16EERN3hls6streamI13fadc_h_1989' is power-on initialization.
WARNING: [RTGEN 206-101] Register 'p_ZZ16hcal_cluster_hls7ap_uintILi3EES_ILi13EEPA12_S_ILi16EERN3hls6streamI13fadc_h_1990' is power-on initialization.
WARNING: [RTGEN 206-101] Register 'p_ZZ16hcal_cluster_hls7ap_uintILi3EES_ILi13EEPA12_S_ILi16EERN3hls6streamI13fadc_h_1689' is power-on initialization.
WARNING: [RTGEN 206-101] Register 'p_ZZ16hcal_cluster_hls7ap_uintILi3EES_ILi13EEPA12_S_ILi16EERN3hls6streamI13fadc_h_1690' is power-on initialization.
WARNING: [RTGEN 206-101] Register 'p_ZZ16hcal_cluster_hls7ap_uintILi3EES_ILi13EEPA12_S_ILi16EERN3hls6streamI13fadc_h_1151' is power-on initialization.
WARNING: [RTGEN 206-101] Register 'p_ZZ16hcal_cluster_hls7ap_uintILi3EES_ILi13EEPA12_S_ILi16EERN3hls6streamI13fadc_h_1152' is power-on initialization.
WARNING: [RTGEN 206-101] Register 'p_ZZ16hcal_cluster_hls7ap_uintILi3EES_ILi13EEPA12_S_ILi16EERN3hls6streamI13fadc_h_1563' is power-on initialization.
WARNING: [RTGEN 206-101] Register 'p_ZZ16hcal_cluster_hls7ap_uintILi3EES_ILi13EEPA12_S_ILi16EERN3hls6streamI13fadc_h_1564' is power-on initialization.
WARNING: [RTGEN 206-101] Register 'p_ZZ16hcal_cluster_hls7ap_uintILi3EES_ILi13EEPA12_S_ILi16EERN3hls6streamI13fadc_h_1996' is power-on initialization.
WARNING: [RTGEN 206-101] Register 'p_ZZ16hcal_cluster_hls7ap_uintILi3EES_ILi13EEPA12_S_ILi16EERN3hls6streamI13fadc_h_1997' is power-on initialization.
WARNING: [RTGEN 206-101] Register 'hcal_cluster_hls_ap_uint_ap_uint_ap_uint_12_stream_stream_stream_stream_3' is power-on initialization.
WARNING: [RTGEN 206-101] Register 'hcal_cluster_hls_ap_uint_ap_uint_ap_uint_12_stream_stream_stream_stream_2' is power-on initialization.
WARNING: [RTGEN 206-101] Register 'hcal_cluster_hls_ap_uint_ap_uint_ap_uint_12_stream_stream_stream_stream_69' is power-on initialization.
WARNING: [RTGEN 206-101] Register 'hcal_cluster_hls_ap_uint_ap_uint_ap_uint_12_stream_stream_stream_stream_68' is power-on initialization.
WARNING: [RTGEN 206-101] Register 'p_ZZ16hcal_cluster_hls7ap_uintILi3EES_ILi13EEPA12_S_ILi16EERN3hls6streamI13fadc_h_1733' is power-on initialization.
WARNING: [RTGEN 206-101] Register 'p_ZZ16hcal_cluster_hls7ap_uintILi3EES_ILi13EEPA12_S_ILi16EERN3hls6streamI13fadc_h_1734' is power-on initialization.
WARNING: [RTGEN 206-101] Register 'p_ZZ16hcal_cluster_hls7ap_uintILi3EES_ILi13EEPA12_S_ILi16EERN3hls6streamI13fadc_h_1195' is power-on initialization.
WARNING: [RTGEN 206-101] Register 'p_ZZ16hcal_cluster_hls7ap_uintILi3EES_ILi13EEPA12_S_ILi16EERN3hls6streamI13fadc_h_1196' is power-on initialization.
WARNING: [RTGEN 206-101] Register 'p_ZZ16hcal_cluster_hls7ap_uintILi3EES_ILi13EEPA12_S_ILi16EERN3hls6streamI13fadc_h_1589' is power-on initialization.
WARNING: [RTGEN 206-101] Register 'p_ZZ16hcal_cluster_hls7ap_uintILi3EES_ILi13EEPA12_S_ILi16EERN3hls6streamI13fadc_h_1590' is power-on initialization.
WARNING: [RTGEN 206-101] Register 'p_ZZ16hcal_cluster_hls7ap_uintILi3EES_ILi13EEPA12_S_ILi16EERN3hls6streamI13fadc_h_2024' is power-on initialization.
WARNING: [RTGEN 206-101] Register 'p_ZZ16hcal_cluster_hls7ap_uintILi3EES_ILi13EEPA12_S_ILi16EERN3hls6streamI13fadc_h_2025' is power-on initialization.
WARNING: [RTGEN 206-101] Register 'hcal_cluster_hls_ap_uint_ap_uint_ap_uint_12_stream_stream_stream_stream_1' is power-on initialization.
WARNING: [RTGEN 206-101] Register 'hcal_mulcluster_hls_ap_uint_ap_uint_ap_uint_12_stream_stream_stream_stream' is power-on initialization.
WARNING: [RTGEN 206-101] Register 'hcal_cluster_hls_ap_uint_ap_uint_ap_uint_12_stream_stream_stream_stream_67' is power-on initialization.
WARNING: [RTGEN 206-101] Register 'hcal_cluster_hls_ap_uint_ap_uint_ap_uint_12_stream_stream_stream_stream_66' is power-on initialization.
WARNING: [RTGEN 206-101] Register 'p_ZZ16hcal_cluster_hls7ap_uintILi3EES_ILi13EEPA12_S_ILi16EERN3hls6streamI13fadc_h_1755' is power-on initialization.
WARNING: [RTGEN 206-101] Register 'p_ZZ16hcal_cluster_hls7ap_uintILi3EES_ILi13EEPA12_S_ILi16EERN3hls6streamI13fadc_h_1756' is power-on initialization.
WARNING: [RTGEN 206-101] Register 'p_ZZ16hcal_cluster_hls7ap_uintILi3EES_ILi13EEPA12_S_ILi16EERN3hls6streamI13fadc_h_1217' is power-on initialization.
WARNING: [RTGEN 206-101] Register 'p_ZZ16hcal_cluster_hls7ap_uintILi3EES_ILi13EEPA12_S_ILi16EERN3hls6streamI13fadc_h_1218' is power-on initialization.
WARNING: [RTGEN 206-101] Register 'p_ZZ16hcal_cluster_hls7ap_uintILi3EES_ILi13EEPA12_S_ILi16EERN3hls6streamI13fadc_h_1591' is power-on initialization.
WARNING: [RTGEN 206-101] Register 'p_ZZ16hcal_cluster_hls7ap_uintILi3EES_ILi13EEPA12_S_ILi16EERN3hls6streamI13fadc_h_1592' is power-on initialization.
WARNING: [RTGEN 206-101] Register 'p_ZZ16hcal_cluster_hls7ap_uintILi3EES_ILi13EEPA12_S_ILi16EERN3hls6streamI13fadc_h_2026' is power-on initialization.
WARNING: [RTGEN 206-101] Register 'p_ZZ16hcal_cluster_hls7ap_uintILi3EES_ILi13EEPA12_S_ILi16EERN3hls6streamI13fadc_h_2027' is power-on initialization.
WARNING: [RTGEN 206-101] Register 'hcal_cluster_hls_ap_uint_ap_uint_ap_uint_12_stream_stream_stream_stream_35' is power-on initialization.
WARNING: [RTGEN 206-101] Register 'hcal_cluster_hls_ap_uint_ap_uint_ap_uint_12_stream_stream_stream_stream_34' is power-on initialization.
WARNING: [RTGEN 206-101] Register 'hcal_cluster_hls_ap_uint_ap_uint_ap_uint_12_stream_stream_stream_stream_65' is power-on initialization.
WARNING: [RTGEN 206-101] Register 'hcal_cluster_hls_ap_uint_ap_uint_ap_uint_12_stream_stream_stream_stream_64' is power-on initialization.
WARNING: [RTGEN 206-101] Register 'p_ZZ16hcal_cluster_hls7ap_uintILi3EES_ILi13EEPA12_S_ILi16EERN3hls6streamI13fadc_h_1777' is power-on initialization.
WARNING: [RTGEN 206-101] Register 'p_ZZ16hcal_cluster_hls7ap_uintILi3EES_ILi13EEPA12_S_ILi16EERN3hls6streamI13fadc_h_1778' is power-on initialization.
WARNING: [RTGEN 206-101] Register 'p_ZZ16hcal_cluster_hls7ap_uintILi3EES_ILi13EEPA12_S_ILi16EERN3hls6streamI13fadc_h_1239' is power-on initialization.
WARNING: [RTGEN 206-101] Register 'p_ZZ16hcal_cluster_hls7ap_uintILi3EES_ILi13EEPA12_S_ILi16EERN3hls6streamI13fadc_h_1240' is power-on initialization.
WARNING: [RTGEN 206-101] Register 'p_ZZ16hcal_cluster_hls7ap_uintILi3EES_ILi13EEPA12_S_ILi16EERN3hls6streamI13fadc_h_1593' is power-on initialization.
WARNING: [RTGEN 206-101] Register 'p_ZZ16hcal_cluster_hls7ap_uintILi3EES_ILi13EEPA12_S_ILi16EERN3hls6streamI13fadc_h_1594' is power-on initialization.
WARNING: [RTGEN 206-101] Register 'p_ZZ16hcal_cluster_hls7ap_uintILi3EES_ILi13EEPA12_S_ILi16EERN3hls6streamI13fadc_h_2029' is power-on initialization.
WARNING: [RTGEN 206-101] Register 'p_ZZ16hcal_cluster_hls7ap_uintILi3EES_ILi13EEPA12_S_ILi16EERN3hls6streamI13fadc_h_2030' is power-on initialization.
WARNING: [RTGEN 206-101] Register 'hcal_cluster_hls_ap_uint_ap_uint_ap_uint_12_stream_stream_stream_stream_33' is power-on initialization.
WARNING: [RTGEN 206-101] Register 'hcal_cluster_hls_ap_uint_ap_uint_ap_uint_12_stream_stream_stream_stream_32' is power-on initialization.
WARNING: [RTGEN 206-101] Register 'hcal_cluster_hls_ap_uint_ap_uint_ap_uint_12_stream_stream_stream_stream_63' is power-on initialization.
WARNING: [RTGEN 206-101] Register 'hcal_cluster_hls_ap_uint_ap_uint_ap_uint_12_stream_stream_stream_stream_62' is power-on initialization.
WARNING: [RTGEN 206-101] Register 'hcal_cluster_hls_ap_uint_ap_uint_ap_uint_12_stream_stream_stream_stream_22' is power-on initialization.
WARNING: [RTGEN 206-101] Register 'hcal_cluster_hls_ap_uint_ap_uint_ap_uint_12_stream_stream_stream_stream_21' is power-on initialization.
WARNING: [RTGEN 206-101] Register 'hcal_cluster_hls_ap_uint_ap_uint_ap_uint_12_stream_stream_stream_stream_53' is power-on initialization.
WARNING: [RTGEN 206-101] Register 'hcal_cluster_hls_ap_uint_ap_uint_ap_uint_12_stream_stream_stream_stream_52' is power-on initialization.
WARNING: [RTGEN 206-101] Register 'p_ZZ16hcal_cluster_hls7ap_uintILi3EES_ILi13EEPA12_S_ILi16EERN3hls6streamI13fadc_h_1595' is power-on initialization.
WARNING: [RTGEN 206-101] Register 'p_ZZ16hcal_cluster_hls7ap_uintILi3EES_ILi13EEPA12_S_ILi16EERN3hls6streamI13fadc_h_1596' is power-on initialization.
WARNING: [RTGEN 206-101] Register 'p_ZZ16hcal_cluster_hls7ap_uintILi3EES_ILi13EEPA12_S_ILi16EERN3hls6streamI13fadc_h_2031' is power-on initialization.
WARNING: [RTGEN 206-101] Register 'p_ZZ16hcal_cluster_hls7ap_uintILi3EES_ILi13EEPA12_S_ILi16EERN3hls6streamI13fadc_h_2032' is power-on initialization.
WARNING: [RTGEN 206-101] Register 'hcal_cluster_hls_ap_uint_ap_uint_ap_uint_12_stream_stream_stream_stream_31' is power-on initialization.
WARNING: [RTGEN 206-101] Register 'hcal_cluster_hls_ap_uint_ap_uint_ap_uint_12_stream_stream_stream_stream_30' is power-on initialization.
WARNING: [RTGEN 206-101] Register 'hcal_cluster_hls_ap_uint_ap_uint_ap_uint_12_stream_stream_stream_stream_61' is power-on initialization.
WARNING: [RTGEN 206-101] Register 'hcal_cluster_hls_ap_uint_ap_uint_ap_uint_12_stream_stream_stream_stream_60' is power-on initialization.
WARNING: [RTGEN 206-101] Register 'p_ZZ16hcal_cluster_hls7ap_uintILi3EES_ILi13EEPA12_S_ILi16EERN3hls6streamI13fadc_h_1819' is power-on initialization.
WARNING: [RTGEN 206-101] Register 'p_ZZ16hcal_cluster_hls7ap_uintILi3EES_ILi13EEPA12_S_ILi16EERN3hls6streamI13fadc_h_1820' is power-on initialization.
WARNING: [RTGEN 206-101] Register 'p_ZZ16hcal_cluster_hls7ap_uintILi3EES_ILi13EEPA12_S_ILi16EERN3hls6streamI13fadc_h_1281' is power-on initialization.
WARNING: [RTGEN 206-101] Register 'p_ZZ16hcal_cluster_hls7ap_uintILi3EES_ILi13EEPA12_S_ILi16EERN3hls6streamI13fadc_h_1282' is power-on initialization.
WARNING: [RTGEN 206-101] Register 'p_ZZ16hcal_cluster_hls7ap_uintILi3EES_ILi13EEPA12_S_ILi16EERN3hls6streamI13fadc_h_1625' is power-on initialization.
WARNING: [RTGEN 206-101] Register 'p_ZZ16hcal_cluster_hls7ap_uintILi3EES_ILi13EEPA12_S_ILi16EERN3hls6streamI13fadc_h_1626' is power-on initialization.
WARNING: [RTGEN 206-101] Register 'p_ZZ16hcal_cluster_hls7ap_uintILi3EES_ILi13EEPA12_S_ILi16EERN3hls6streamI13fadc_h_1087' is power-on initialization.
WARNING: [RTGEN 206-101] Register 'p_ZZ16hcal_cluster_hls7ap_uintILi3EES_ILi13EEPA12_S_ILi16EERN3hls6streamI13fadc_h_1088' is power-on initialization.
WARNING: [RTGEN 206-101] Register 'hcal_cluster_hls_ap_uint_ap_uint_ap_uint_12_stream_stream_stream_stream_29' is power-on initialization.
WARNING: [RTGEN 206-101] Register 'hcal_cluster_hls_ap_uint_ap_uint_ap_uint_12_stream_stream_stream_stream_28' is power-on initialization.
WARNING: [RTGEN 206-101] Register 'hcal_cluster_hls_ap_uint_ap_uint_ap_uint_12_stream_stream_stream_stream_59' is power-on initialization.
WARNING: [RTGEN 206-101] Register 'hcal_cluster_hls_ap_uint_ap_uint_ap_uint_12_stream_stream_stream_stream_58' is power-on initialization.
WARNING: [RTGEN 206-101] Register 'p_ZZ16hcal_cluster_hls7ap_uintILi3EES_ILi13EEPA12_S_ILi16EERN3hls6streamI13fadc_h_1841' is power-on initialization.
WARNING: [RTGEN 206-101] Register 'p_ZZ16hcal_cluster_hls7ap_uintILi3EES_ILi13EEPA12_S_ILi16EERN3hls6streamI13fadc_h_1842' is power-on initialization.
WARNING: [RTGEN 206-101] Register 'p_ZZ16hcal_cluster_hls7ap_uintILi3EES_ILi13EEPA12_S_ILi16EERN3hls6streamI13fadc_h_1303' is power-on initialization.
WARNING: [RTGEN 206-101] Register 'p_ZZ16hcal_cluster_hls7ap_uintILi3EES_ILi13EEPA12_S_ILi16EERN3hls6streamI13fadc_h_1304' is power-on initialization.
WARNING: [RTGEN 206-101] Register 'p_ZZ16hcal_cluster_hls7ap_uintILi3EES_ILi13EEPA12_S_ILi16EERN3hls6streamI13fadc_h_1627' is power-on initialization.
WARNING: [RTGEN 206-101] Register 'p_ZZ16hcal_cluster_hls7ap_uintILi3EES_ILi13EEPA12_S_ILi16EERN3hls6streamI13fadc_h_1628' is power-on initialization.
WARNING: [RTGEN 206-101] Register 'p_ZZ16hcal_cluster_hls7ap_uintILi3EES_ILi13EEPA12_S_ILi16EERN3hls6streamI13fadc_h_1089' is power-on initialization.
WARNING: [RTGEN 206-101] Register 'p_ZZ16hcal_cluster_hls7ap_uintILi3EES_ILi13EEPA12_S_ILi16EERN3hls6streamI13fadc_h_1090' is power-on initialization.
WARNING: [RTGEN 206-101] Register 'hcal_cluster_hls_ap_uint_ap_uint_ap_uint_12_stream_stream_stream_stream_27' is power-on initialization.
WARNING: [RTGEN 206-101] Register 'hcal_cluster_hls_ap_uint_ap_uint_ap_uint_12_stream_stream_stream_stream_26' is power-on initialization.
WARNING: [RTGEN 206-101] Register 'hcal_cluster_hls_ap_uint_ap_uint_ap_uint_12_stream_stream_stream_stream_57' is power-on initialization.
WARNING: [RTGEN 206-101] Register 'hcal_cluster_hls_ap_uint_ap_uint_ap_uint_12_stream_stream_stream_stream_56' is power-on initialization.
WARNING: [RTGEN 206-101] Register 'p_ZZ16hcal_cluster_hls7ap_uintILi3EES_ILi13EEPA12_S_ILi16EERN3hls6streamI13fadc_h_1863' is power-on initialization.
WARNING: [RTGEN 206-101] Register 'p_ZZ16hcal_cluster_hls7ap_uintILi3EES_ILi13EEPA12_S_ILi16EERN3hls6streamI13fadc_h_1864' is power-on initialization.
WARNING: [RTGEN 206-101] Register 'p_ZZ16hcal_cluster_hls7ap_uintILi3EES_ILi13EEPA12_S_ILi16EERN3hls6streamI13fadc_h_1325' is power-on initialization.
WARNING: [RTGEN 206-101] Register 'p_ZZ16hcal_cluster_hls7ap_uintILi3EES_ILi13EEPA12_S_ILi16EERN3hls6streamI13fadc_h_1326' is power-on initialization.
WARNING: [RTGEN 206-101] Register 'p_ZZ16hcal_cluster_hls7ap_uintILi3EES_ILi13EEPA12_S_ILi16EERN3hls6streamI13fadc_h_1631' is power-on initialization.
WARNING: [RTGEN 206-101] Register 'p_ZZ16hcal_cluster_hls7ap_uintILi3EES_ILi13EEPA12_S_ILi16EERN3hls6streamI13fadc_h_1632' is power-on initialization.
WARNING: [RTGEN 206-101] Register 'p_ZZ16hcal_cluster_hls7ap_uintILi3EES_ILi13EEPA12_S_ILi16EERN3hls6streamI13fadc_h_1093' is power-on initialization.
WARNING: [RTGEN 206-101] Register 'p_ZZ16hcal_cluster_hls7ap_uintILi3EES_ILi13EEPA12_S_ILi16EERN3hls6streamI13fadc_h_1094' is power-on initialization.
WARNING: [RTGEN 206-101] Register 'p_ZZ16hcal_cluster_hls7ap_uintILi3EES_ILi13EEPA12_S_ILi16EERN3hls6streamI13fadc_h_1559' is power-on initialization.
WARNING: [RTGEN 206-101] Register 'p_ZZ16hcal_cluster_hls7ap_uintILi3EES_ILi13EEPA12_S_ILi16EERN3hls6streamI13fadc_h_1560' is power-on initialization.
WARNING: [RTGEN 206-101] Register 'p_ZZ16hcal_cluster_hls7ap_uintILi3EES_ILi13EEPA12_S_ILi16EERN3hls6streamI13fadc_h_1991' is power-on initialization.
WARNING: [RTGEN 206-101] Register 'p_ZZ16hcal_cluster_hls7ap_uintILi3EES_ILi13EEPA12_S_ILi16EERN3hls6streamI13fadc_h_1992' is power-on initialization.
WARNING: [RTGEN 206-101] Register 'p_ZZ16hcal_cluster_hls7ap_uintILi3EES_ILi13EEPA12_S_ILi16EERN3hls6streamI13fadc_h_1907' is power-on initialization.
WARNING: [RTGEN 206-101] Register 'p_ZZ16hcal_cluster_hls7ap_uintILi3EES_ILi13EEPA12_S_ILi16EERN3hls6streamI13fadc_h_1908' is power-on initialization.
WARNING: [RTGEN 206-101] Register 'p_ZZ16hcal_cluster_hls7ap_uintILi3EES_ILi13EEPA12_S_ILi16EERN3hls6streamI13fadc_h_1369' is power-on initialization.
WARNING: [RTGEN 206-101] Register 'p_ZZ16hcal_cluster_hls7ap_uintILi3EES_ILi13EEPA12_S_ILi16EERN3hls6streamI13fadc_h_1370' is power-on initialization.
WARNING: [RTGEN 206-101] Register 'hcal_cluster_hls_ap_uint_ap_uint_ap_uint_12_stream_stream_stream_stream_24' is power-on initialization.
WARNING: [RTGEN 206-101] Register 'hcal_cluster_hls_ap_uint_ap_uint_ap_uint_12_stream_stream_stream_stream_23' is power-on initialization.
WARNING: [RTGEN 206-101] Register 'hcal_cluster_hls_ap_uint_ap_uint_ap_uint_12_stream_stream_stream_stream_55' is power-on initialization.
WARNING: [RTGEN 206-101] Register 'hcal_cluster_hls_ap_uint_ap_uint_ap_uint_12_stream_stream_stream_stream_54' is power-on initialization.
WARNING: [RTGEN 206-101] Register 'hcal_cluster_hls_ap_uint_ap_uint_ap_uint_12_stream_stream_stream_stream_20' is power-on initialization.
WARNING: [RTGEN 206-101] Register 'hcal_cluster_hls_ap_uint_ap_uint_ap_uint_12_stream_stream_stream_stream_19' is power-on initialization.
WARNING: [RTGEN 206-101] Register 'hcal_cluster_hls_ap_uint_ap_uint_ap_uint_12_stream_stream_stream_stream_51' is power-on initialization.
WARNING: [RTGEN 206-101] Register 'hcal_cluster_hls_ap_uint_ap_uint_ap_uint_12_stream_stream_stream_stream_50' is power-on initialization.
WARNING: [RTGEN 206-101] Register 'p_ZZ16hcal_cluster_hls7ap_uintILi3EES_ILi13EEPA12_S_ILi16EERN3hls6streamI13fadc_h_93' is power-on initialization.
WARNING: [RTGEN 206-101] Register 'p_ZZ16hcal_cluster_hls7ap_uintILi3EES_ILi13EEPA12_S_ILi16EERN3hls6streamI13fadc_h_92' is power-on initialization.
WARNING: [RTGEN 206-101] Register 'p_ZZ16hcal_cluster_hls7ap_uintILi3EES_ILi13EEPA12_S_ILi16EERN3hls6streamI13fadc_h_1443' is power-on initialization.
WARNING: [RTGEN 206-101] Register 'p_ZZ16hcal_cluster_hls7ap_uintILi3EES_ILi13EEPA12_S_ILi16EERN3hls6streamI13fadc_h_1444' is power-on initialization.
WARNING: [RTGEN 206-101] Register 'p_ZZ16hcal_cluster_hls7ap_uintILi3EES_ILi13EEPA12_S_ILi16EERN3hls6streamI13fadc_h_1955' is power-on initialization.
WARNING: [RTGEN 206-101] Register 'p_ZZ16hcal_cluster_hls7ap_uintILi3EES_ILi13EEPA12_S_ILi16EERN3hls6streamI13fadc_h_1956' is power-on initialization.
WARNING: [RTGEN 206-101] Register 'p_ZZ16hcal_cluster_hls7ap_uintILi3EES_ILi13EEPA12_S_ILi16EERN3hls6streamI13fadc_h_1417' is power-on initialization.
WARNING: [RTGEN 206-101] Register 'p_ZZ16hcal_cluster_hls7ap_uintILi3EES_ILi13EEPA12_S_ILi16EERN3hls6streamI13fadc_h_1418' is power-on initialization.
WARNING: [RTGEN 206-101] Register 'p_ZZ16hcal_cluster_hls7ap_uintILi3EES_ILi13EEPA12_S_ILi16EERN3hls6streamI13fadc_h_1623' is power-on initialization.
WARNING: [RTGEN 206-101] Register 'p_ZZ16hcal_cluster_hls7ap_uintILi3EES_ILi13EEPA12_S_ILi16EERN3hls6streamI13fadc_h_1624' is power-on initialization.
WARNING: [RTGEN 206-101] Register 'p_ZZ16hcal_cluster_hls7ap_uintILi3EES_ILi13EEPA12_S_ILi16EERN3hls6streamI13fadc_h_1085' is power-on initialization.
WARNING: [RTGEN 206-101] Register 'p_ZZ16hcal_cluster_hls7ap_uintILi3EES_ILi13EEPA12_S_ILi16EERN3hls6streamI13fadc_h_1086' is power-on initialization.
WARNING: [RTGEN 206-101] Register 'p_ZZ16hcal_cluster_hls7ap_uintILi3EES_ILi13EEPA12_S_ILi16EERN3hls6streamI13fadc_h_89' is power-on initialization.
WARNING: [RTGEN 206-101] Register 'p_ZZ16hcal_cluster_hls7ap_uintILi3EES_ILi13EEPA12_S_ILi16EERN3hls6streamI13fadc_h_88' is power-on initialization.
WARNING: [RTGEN 206-101] Register 'p_ZZ16hcal_cluster_hls7ap_uintILi3EES_ILi13EEPA12_S_ILi16EERN3hls6streamI13fadc_h_1447' is power-on initialization.
WARNING: [RTGEN 206-101] Register 'p_ZZ16hcal_cluster_hls7ap_uintILi3EES_ILi13EEPA12_S_ILi16EERN3hls6streamI13fadc_h_1448' is power-on initialization.
WARNING: [RTGEN 206-101] Register 'p_ZZ16hcal_cluster_hls7ap_uintILi3EES_ILi13EEPA12_S_ILi16EERN3hls6streamI13fadc_h_1601' is power-on initialization.
WARNING: [RTGEN 206-101] Register 'p_ZZ16hcal_cluster_hls7ap_uintILi3EES_ILi13EEPA12_S_ILi16EERN3hls6streamI13fadc_h_1602' is power-on initialization.
WARNING: [RTGEN 206-101] Register 'p_ZZ16hcal_cluster_hls7ap_uintILi3EES_ILi13EEPA12_S_ILi16EERN3hls6streamI13fadc_h_2037' is power-on initialization.
WARNING: [RTGEN 206-101] Register 'p_ZZ16hcal_cluster_hls7ap_uintILi3EES_ILi13EEPA12_S_ILi16EERN3hls6streamI13fadc_h_2038' is power-on initialization.
WARNING: [RTGEN 206-101] Register 'hcal_cluster_hls_ap_uint_ap_uint_ap_uint_12_stream_stream_stream_stream_18' is power-on initialization.
WARNING: [RTGEN 206-101] Register 'hcal_cluster_hls_ap_uint_ap_uint_ap_uint_12_stream_stream_stream_stream_17' is power-on initialization.
WARNING: [RTGEN 206-101] Register 'hcal_cluster_hls_ap_uint_ap_uint_ap_uint_12_stream_stream_stream_stream_49' is power-on initialization.
WARNING: [RTGEN 206-101] Register 'hcal_cluster_hls_ap_uint_ap_uint_ap_uint_12_stream_stream_stream_stream_48' is power-on initialization.
WARNING: [RTGEN 206-101] Register 'p_ZZ16hcal_cluster_hls7ap_uintILi3EES_ILi13EEPA12_S_ILi16EERN3hls6streamI13fadc_h_97' is power-on initialization.
WARNING: [RTGEN 206-101] Register 'p_ZZ16hcal_cluster_hls7ap_uintILi3EES_ILi13EEPA12_S_ILi16EERN3hls6streamI13fadc_h_96' is power-on initialization.
WARNING: [RTGEN 206-101] Register 'p_ZZ16hcal_cluster_hls7ap_uintILi3EES_ILi13EEPA12_S_ILi16EERN3hls6streamI13fadc_h_1439' is power-on initialization.
WARNING: [RTGEN 206-101] Register 'p_ZZ16hcal_cluster_hls7ap_uintILi3EES_ILi13EEPA12_S_ILi16EERN3hls6streamI13fadc_h_1440' is power-on initialization.
WARNING: [RTGEN 206-101] Register 'p_ZZ16hcal_cluster_hls7ap_uintILi3EES_ILi13EEPA12_S_ILi16EERN3hls6streamI13fadc_h_75' is power-on initialization.
WARNING: [RTGEN 206-101] Register 'p_ZZ16hcal_cluster_hls7ap_uintILi3EES_ILi13EEPA12_S_ILi16EERN3hls6streamI13fadc_h_74' is power-on initialization.
WARNING: [RTGEN 206-101] Register 'p_ZZ16hcal_cluster_hls7ap_uintILi3EES_ILi13EEPA12_S_ILi16EERN3hls6streamI13fadc_h_1461' is power-on initialization.
WARNING: [RTGEN 206-101] Register 'p_ZZ16hcal_cluster_hls7ap_uintILi3EES_ILi13EEPA12_S_ILi16EERN3hls6streamI13fadc_h_1462' is power-on initialization.
WARNING: [RTGEN 206-101] Register 'p_ZZ16hcal_cluster_hls7ap_uintILi3EES_ILi13EEPA12_S_ILi16EERN3hls6streamI13fadc_h_1953' is power-on initialization.
WARNING: [RTGEN 206-101] Register 'p_ZZ16hcal_cluster_hls7ap_uintILi3EES_ILi13EEPA12_S_ILi16EERN3hls6streamI13fadc_h_1954' is power-on initialization.
WARNING: [RTGEN 206-101] Register 'p_ZZ16hcal_cluster_hls7ap_uintILi3EES_ILi13EEPA12_S_ILi16EERN3hls6streamI13fadc_h_1415' is power-on initialization.
WARNING: [RTGEN 206-101] Register 'p_ZZ16hcal_cluster_hls7ap_uintILi3EES_ILi13EEPA12_S_ILi16EERN3hls6streamI13fadc_h_1416' is power-on initialization.
WARNING: [RTGEN 206-101] Register 'p_ZZ16hcal_cluster_hls7ap_uintILi3EES_ILi13EEPA12_S_ILi16EERN3hls6streamI13fadc_h_91' is power-on initialization.
WARNING: [RTGEN 206-101] Register 'p_ZZ16hcal_cluster_hls7ap_uintILi3EES_ILi13EEPA12_S_ILi16EERN3hls6streamI13fadc_h_90' is power-on initialization.
WARNING: [RTGEN 206-101] Register 'p_ZZ16hcal_cluster_hls7ap_uintILi3EES_ILi13EEPA12_S_ILi16EERN3hls6streamI13fadc_h_1445' is power-on initialization.
WARNING: [RTGEN 206-101] Register 'p_ZZ16hcal_cluster_hls7ap_uintILi3EES_ILi13EEPA12_S_ILi16EERN3hls6streamI13fadc_h_1446' is power-on initialization.
WARNING: [RTGEN 206-101] Register 'p_ZZ16hcal_cluster_hls7ap_uintILi3EES_ILi13EEPA12_S_ILi16EERN3hls6streamI13fadc_h_1957' is power-on initialization.
WARNING: [RTGEN 206-101] Register 'p_ZZ16hcal_cluster_hls7ap_uintILi3EES_ILi13EEPA12_S_ILi16EERN3hls6streamI13fadc_h_1958' is power-on initialization.
WARNING: [RTGEN 206-101] Register 'p_ZZ16hcal_cluster_hls7ap_uintILi3EES_ILi13EEPA12_S_ILi16EERN3hls6streamI13fadc_h_1419' is power-on initialization.
WARNING: [RTGEN 206-101] Register 'p_ZZ16hcal_cluster_hls7ap_uintILi3EES_ILi13EEPA12_S_ILi16EERN3hls6streamI13fadc_h_1420' is power-on initialization.
WARNING: [RTGEN 206-101] Register 'p_ZZ16hcal_cluster_hls7ap_uintILi3EES_ILi13EEPA12_S_ILi16EERN3hls6streamI13fadc_h_1645' is power-on initialization.
WARNING: [RTGEN 206-101] Register 'p_ZZ16hcal_cluster_hls7ap_uintILi3EES_ILi13EEPA12_S_ILi16EERN3hls6streamI13fadc_h_1646' is power-on initialization.
WARNING: [RTGEN 206-101] Register 'p_ZZ16hcal_cluster_hls7ap_uintILi3EES_ILi13EEPA12_S_ILi16EERN3hls6streamI13fadc_h_1107' is power-on initialization.
WARNING: [RTGEN 206-101] Register 'p_ZZ16hcal_cluster_hls7ap_uintILi3EES_ILi13EEPA12_S_ILi16EERN3hls6streamI13fadc_h_1108' is power-on initialization.
WARNING: [RTGEN 206-101] Register 'p_ZZ16hcal_cluster_hls7ap_uintILi3EES_ILi13EEPA12_S_ILi16EERN3hls6streamI13fadc_h_87' is power-on initialization.
WARNING: [RTGEN 206-101] Register 'p_ZZ16hcal_cluster_hls7ap_uintILi3EES_ILi13EEPA12_S_ILi16EERN3hls6streamI13fadc_h_86' is power-on initialization.
WARNING: [RTGEN 206-101] Register 'p_ZZ16hcal_cluster_hls7ap_uintILi3EES_ILi13EEPA12_S_ILi16EERN3hls6streamI13fadc_h_1449' is power-on initialization.
WARNING: [RTGEN 206-101] Register 'p_ZZ16hcal_cluster_hls7ap_uintILi3EES_ILi13EEPA12_S_ILi16EERN3hls6streamI13fadc_h_1450' is power-on initialization.
WARNING: [RTGEN 206-101] Register 'p_ZZ16hcal_cluster_hls7ap_uintILi3EES_ILi13EEPA12_S_ILi16EERN3hls6streamI13fadc_h_1959' is power-on initialization.
WARNING: [RTGEN 206-101] Register 'p_ZZ16hcal_cluster_hls7ap_uintILi3EES_ILi13EEPA12_S_ILi16EERN3hls6streamI13fadc_h_1960' is power-on initialization.
WARNING: [RTGEN 206-101] Register 'p_ZZ16hcal_cluster_hls7ap_uintILi3EES_ILi13EEPA12_S_ILi16EERN3hls6streamI13fadc_h_1421' is power-on initialization.
WARNING: [RTGEN 206-101] Register 'p_ZZ16hcal_cluster_hls7ap_uintILi3EES_ILi13EEPA12_S_ILi16EERN3hls6streamI13fadc_h_1422' is power-on initialization.
WARNING: [RTGEN 206-101] Register 'p_ZZ16hcal_cluster_hls7ap_uintILi3EES_ILi13EEPA12_S_ILi16EERN3hls6streamI13fadc_h_1929' is power-on initialization.
WARNING: [RTGEN 206-101] Register 'p_ZZ16hcal_cluster_hls7ap_uintILi3EES_ILi13EEPA12_S_ILi16EERN3hls6streamI13fadc_h_1930' is power-on initialization.
WARNING: [RTGEN 206-101] Register 'p_ZZ16hcal_cluster_hls7ap_uintILi3EES_ILi13EEPA12_S_ILi16EERN3hls6streamI13fadc_h_1391' is power-on initialization.
WARNING: [RTGEN 206-101] Register 'p_ZZ16hcal_cluster_hls7ap_uintILi3EES_ILi13EEPA12_S_ILi16EERN3hls6streamI13fadc_h_1392' is power-on initialization.
WARNING: [RTGEN 206-101] Register 'hcal_cluster_hls_ap_uint_ap_uint_ap_uint_12_stream_stream_stream_stream_16' is power-on initialization.
WARNING: [RTGEN 206-101] Register 'hcal_cluster_hls_ap_uint_ap_uint_ap_uint_12_stream_stream_stream_stream_15' is power-on initialization.
WARNING: [RTGEN 206-101] Register 'hcal_cluster_hls_ap_uint_ap_uint_ap_uint_12_stream_stream_stream_stream_47' is power-on initialization.
WARNING: [RTGEN 206-101] Register 'hcal_cluster_hls_ap_uint_ap_uint_ap_uint_12_stream_stream_stream_stream_46' is power-on initialization.
WARNING: [RTGEN 206-101] Register 'p_ZZ16hcal_cluster_hls7ap_uintILi3EES_ILi13EEPA12_S_ILi16EERN3hls6streamI13fadc_h_1961' is power-on initialization.
WARNING: [RTGEN 206-101] Register 'p_ZZ16hcal_cluster_hls7ap_uintILi3EES_ILi13EEPA12_S_ILi16EERN3hls6streamI13fadc_h_1962' is power-on initialization.
WARNING: [RTGEN 206-101] Register 'p_ZZ16hcal_cluster_hls7ap_uintILi3EES_ILi13EEPA12_S_ILi16EERN3hls6streamI13fadc_h_1423' is power-on initialization.
WARNING: [RTGEN 206-101] Register 'p_ZZ16hcal_cluster_hls7ap_uintILi3EES_ILi13EEPA12_S_ILi16EERN3hls6streamI13fadc_h_1424' is power-on initialization.
WARNING: [RTGEN 206-101] Register 'p_ZZ16hcal_cluster_hls7ap_uintILi3EES_ILi13EEPA12_S_ILi16EERN3hls6streamI13fadc_h_1947' is power-on initialization.
WARNING: [RTGEN 206-101] Register 'p_ZZ16hcal_cluster_hls7ap_uintILi3EES_ILi13EEPA12_S_ILi16EERN3hls6streamI13fadc_h_1948' is power-on initialization.
WARNING: [RTGEN 206-101] Register 'p_ZZ16hcal_cluster_hls7ap_uintILi3EES_ILi13EEPA12_S_ILi16EERN3hls6streamI13fadc_h_1409' is power-on initialization.
WARNING: [RTGEN 206-101] Register 'p_ZZ16hcal_cluster_hls7ap_uintILi3EES_ILi13EEPA12_S_ILi16EERN3hls6streamI13fadc_h_1410' is power-on initialization.
WARNING: [RTGEN 206-101] Register 'p_ZZ16hcal_cluster_hls7ap_uintILi3EES_ILi13EEPA12_S_ILi16EERN3hls6streamI13fadc_h_85' is power-on initialization.
WARNING: [RTGEN 206-101] Register 'p_ZZ16hcal_cluster_hls7ap_uintILi3EES_ILi13EEPA12_S_ILi16EERN3hls6streamI13fadc_h_84' is power-on initialization.
WARNING: [RTGEN 206-101] Register 'p_ZZ16hcal_cluster_hls7ap_uintILi3EES_ILi13EEPA12_S_ILi16EERN3hls6streamI13fadc_h_1451' is power-on initialization.
WARNING: [RTGEN 206-101] Register 'p_ZZ16hcal_cluster_hls7ap_uintILi3EES_ILi13EEPA12_S_ILi16EERN3hls6streamI13fadc_h_1452' is power-on initialization.
WARNING: [RTGEN 206-101] Register 'p_ZZ16hcal_cluster_hls7ap_uintILi3EES_ILi13EEPA12_S_ILi16EERN3hls6streamI13fadc_h_1963' is power-on initialization.
WARNING: [RTGEN 206-101] Register 'p_ZZ16hcal_cluster_hls7ap_uintILi3EES_ILi13EEPA12_S_ILi16EERN3hls6streamI13fadc_h_1964' is power-on initialization.
WARNING: [RTGEN 206-101] Register 'p_ZZ16hcal_cluster_hls7ap_uintILi3EES_ILi13EEPA12_S_ILi16EERN3hls6streamI13fadc_h_1425' is power-on initialization.
WARNING: [RTGEN 206-101] Register 'p_ZZ16hcal_cluster_hls7ap_uintILi3EES_ILi13EEPA12_S_ILi16EERN3hls6streamI13fadc_h_1426' is power-on initialization.
WARNING: [RTGEN 206-101] Register 'p_ZZ16hcal_cluster_hls7ap_uintILi3EES_ILi13EEPA12_S_ILi16EERN3hls6streamI13fadc_h_1965' is power-on initialization.
WARNING: [RTGEN 206-101] Register 'p_ZZ16hcal_cluster_hls7ap_uintILi3EES_ILi13EEPA12_S_ILi16EERN3hls6streamI13fadc_h_1966' is power-on initialization.
WARNING: [RTGEN 206-101] Register 'p_ZZ16hcal_cluster_hls7ap_uintILi3EES_ILi13EEPA12_S_ILi16EERN3hls6streamI13fadc_h_1427' is power-on initialization.
WARNING: [RTGEN 206-101] Register 'p_ZZ16hcal_cluster_hls7ap_uintILi3EES_ILi13EEPA12_S_ILi16EERN3hls6streamI13fadc_h_1428' is power-on initialization.
WARNING: [RTGEN 206-101] Register 'p_ZZ16hcal_cluster_hls7ap_uintILi3EES_ILi13EEPA12_S_ILi16EERN3hls6streamI13fadc_h_1973' is power-on initialization.
WARNING: [RTGEN 206-101] Register 'p_ZZ16hcal_cluster_hls7ap_uintILi3EES_ILi13EEPA12_S_ILi16EERN3hls6streamI13fadc_h_1984' is power-on initialization.
WARNING: [RTGEN 206-101] Register 'p_ZZ16hcal_cluster_hls7ap_uintILi3EES_ILi13EEPA12_S_ILi16EERN3hls6streamI13fadc_h_1429' is power-on initialization.
WARNING: [RTGEN 206-101] Register 'p_ZZ16hcal_cluster_hls7ap_uintILi3EES_ILi13EEPA12_S_ILi16EERN3hls6streamI13fadc_h_1430' is power-on initialization.
WARNING: [RTGEN 206-101] Register 'p_ZZ16hcal_cluster_hls7ap_uintILi3EES_ILi13EEPA12_S_ILi16EERN3hls6streamI13fadc_h_1995' is power-on initialization.
WARNING: [RTGEN 206-101] Register 'p_ZZ16hcal_cluster_hls7ap_uintILi3EES_ILi13EEPA12_S_ILi16EERN3hls6streamI13fadc_h_2006' is power-on initialization.
WARNING: [RTGEN 206-101] Register 'p_ZZ16hcal_cluster_hls7ap_uintILi3EES_ILi13EEPA12_S_ILi16EERN3hls6streamI13fadc_h_1431' is power-on initialization.
WARNING: [RTGEN 206-101] Register 'p_ZZ16hcal_cluster_hls7ap_uintILi3EES_ILi13EEPA12_S_ILi16EERN3hls6streamI13fadc_h_1432' is power-on initialization.
WARNING: [RTGEN 206-101] Register 'p_ZZ16hcal_cluster_hls7ap_uintILi3EES_ILi13EEPA12_S_ILi16EERN3hls6streamI13fadc_h_2017' is power-on initialization.
WARNING: [RTGEN 206-101] Register 'p_ZZ16hcal_cluster_hls7ap_uintILi3EES_ILi13EEPA12_S_ILi16EERN3hls6streamI13fadc_h_2028' is power-on initialization.
WARNING: [RTGEN 206-101] Register 'p_ZZ16hcal_cluster_hls7ap_uintILi3EES_ILi13EEPA12_S_ILi16EERN3hls6streamI13fadc_h_1433' is power-on initialization.
WARNING: [RTGEN 206-101] Register 'p_ZZ16hcal_cluster_hls7ap_uintILi3EES_ILi13EEPA12_S_ILi16EERN3hls6streamI13fadc_h_1434' is power-on initialization.
WARNING: [RTGEN 206-101] Register 'p_ZZ16hcal_cluster_hls7ap_uintILi3EES_ILi13EEPA12_S_ILi16EERN3hls6streamI13fadc_h_1949' is power-on initialization.
WARNING: [RTGEN 206-101] Register 'p_ZZ16hcal_cluster_hls7ap_uintILi3EES_ILi13EEPA12_S_ILi16EERN3hls6streamI13fadc_h_1950' is power-on initialization.
WARNING: [RTGEN 206-101] Register 'p_ZZ16hcal_cluster_hls7ap_uintILi3EES_ILi13EEPA12_S_ILi16EERN3hls6streamI13fadc_h_1411' is power-on initialization.
WARNING: [RTGEN 206-101] Register 'p_ZZ16hcal_cluster_hls7ap_uintILi3EES_ILi13EEPA12_S_ILi16EERN3hls6streamI13fadc_h_1412' is power-on initialization.
WARNING: [RTGEN 206-101] Register 'p_ZZ16hcal_cluster_hls7ap_uintILi3EES_ILi13EEPA12_S_ILi16EERN3hls6streamI13fadc_h_83' is power-on initialization.
WARNING: [RTGEN 206-101] Register 'p_ZZ16hcal_cluster_hls7ap_uintILi3EES_ILi13EEPA12_S_ILi16EERN3hls6streamI13fadc_h_82' is power-on initialization.
WARNING: [RTGEN 206-101] Register 'p_ZZ16hcal_cluster_hls7ap_uintILi3EES_ILi13EEPA12_S_ILi16EERN3hls6streamI13fadc_h_1453' is power-on initialization.
WARNING: [RTGEN 206-101] Register 'p_ZZ16hcal_cluster_hls7ap_uintILi3EES_ILi13EEPA12_S_ILi16EERN3hls6streamI13fadc_h_1454' is power-on initialization.
WARNING: [RTGEN 206-101] Register 'p_ZZ16hcal_cluster_hls7ap_uintILi3EES_ILi13EEPA12_S_ILi16EERN3hls6streamI13fadc_h_1951' is power-on initialization.
WARNING: [RTGEN 206-101] Register 'p_ZZ16hcal_cluster_hls7ap_uintILi3EES_ILi13EEPA12_S_ILi16EERN3hls6streamI13fadc_h_1952' is power-on initialization.
WARNING: [RTGEN 206-101] Register 'p_ZZ16hcal_cluster_hls7ap_uintILi3EES_ILi13EEPA12_S_ILi16EERN3hls6streamI13fadc_h_1413' is power-on initialization.
WARNING: [RTGEN 206-101] Register 'p_ZZ16hcal_cluster_hls7ap_uintILi3EES_ILi13EEPA12_S_ILi16EERN3hls6streamI13fadc_h_1414' is power-on initialization.
WARNING: [RTGEN 206-101] Register 'p_ZZ16hcal_cluster_hls7ap_uintILi3EES_ILi13EEPA12_S_ILi16EERN3hls6streamI13fadc_h_81' is power-on initialization.
WARNING: [RTGEN 206-101] Register 'p_ZZ16hcal_cluster_hls7ap_uintILi3EES_ILi13EEPA12_S_ILi16EERN3hls6streamI13fadc_h_80' is power-on initialization.
WARNING: [RTGEN 206-101] Register 'p_ZZ16hcal_cluster_hls7ap_uintILi3EES_ILi13EEPA12_S_ILi16EERN3hls6streamI13fadc_h_1455' is power-on initialization.
WARNING: [RTGEN 206-101] Register 'p_ZZ16hcal_cluster_hls7ap_uintILi3EES_ILi13EEPA12_S_ILi16EERN3hls6streamI13fadc_h_1456' is power-on initialization.
WARNING: [RTGEN 206-101] Register 'p_ZZ16hcal_cluster_hls7ap_uintILi3EES_ILi13EEPA12_S_ILi16EERN3hls6streamI13fadc_h_2039' is power-on initialization.
WARNING: [RTGEN 206-101] Register 'p_ZZ16hcal_cluster_hls7ap_uintILi3EES_ILi13EEPA12_S_ILi16EERN3hls6streamI13fadc_h_2050' is power-on initialization.
WARNING: [RTGEN 206-101] Register 'p_ZZ16hcal_cluster_hls7ap_uintILi3EES_ILi13EEPA12_S_ILi16EERN3hls6streamI13fadc_h_1435' is power-on initialization.
WARNING: [RTGEN 206-101] Register 'p_ZZ16hcal_cluster_hls7ap_uintILi3EES_ILi13EEPA12_S_ILi16EERN3hls6streamI13fadc_h_1436' is power-on initialization.
WARNING: [RTGEN 206-101] Register 'p_ZZ16hcal_cluster_hls7ap_uintILi3EES_ILi13EEPA12_S_ILi16EERN3hls6streamI13fadc_h_79' is power-on initialization.
WARNING: [RTGEN 206-101] Register 'p_ZZ16hcal_cluster_hls7ap_uintILi3EES_ILi13EEPA12_S_ILi16EERN3hls6streamI13fadc_h_78' is power-on initialization.
WARNING: [RTGEN 206-101] Register 'p_ZZ16hcal_cluster_hls7ap_uintILi3EES_ILi13EEPA12_S_ILi16EERN3hls6streamI13fadc_h_1457' is power-on initialization.
WARNING: [RTGEN 206-101] Register 'p_ZZ16hcal_cluster_hls7ap_uintILi3EES_ILi13EEPA12_S_ILi16EERN3hls6streamI13fadc_h_1458' is power-on initialization.
WARNING: [RTGEN 206-101] Register 'p_ZZ16hcal_cluster_hls7ap_uintILi3EES_ILi13EEPA12_S_ILi16EERN3hls6streamI13fadc_h_99' is power-on initialization.
WARNING: [RTGEN 206-101] Register 'p_ZZ16hcal_cluster_hls7ap_uintILi3EES_ILi13EEPA12_S_ILi16EERN3hls6streamI13fadc_h_98' is power-on initialization.
WARNING: [RTGEN 206-101] Register 'p_ZZ16hcal_cluster_hls7ap_uintILi3EES_ILi13EEPA12_S_ILi16EERN3hls6streamI13fadc_h_1437' is power-on initialization.
WARNING: [RTGEN 206-101] Register 'p_ZZ16hcal_cluster_hls7ap_uintILi3EES_ILi13EEPA12_S_ILi16EERN3hls6streamI13fadc_h_1438' is power-on initialization.
WARNING: [RTGEN 206-101] Register 'p_ZZ16hcal_cluster_hls7ap_uintILi3EES_ILi13EEPA12_S_ILi16EERN3hls6streamI13fadc_h_77' is power-on initialization.
WARNING: [RTGEN 206-101] Register 'p_ZZ16hcal_cluster_hls7ap_uintILi3EES_ILi13EEPA12_S_ILi16EERN3hls6streamI13fadc_h_76' is power-on initialization.
WARNING: [RTGEN 206-101] Register 'p_ZZ16hcal_cluster_hls7ap_uintILi3EES_ILi13EEPA12_S_ILi16EERN3hls6streamI13fadc_h_1459' is power-on initialization.
WARNING: [RTGEN 206-101] Register 'p_ZZ16hcal_cluster_hls7ap_uintILi3EES_ILi13EEPA12_S_ILi16EERN3hls6streamI13fadc_h_1460' is power-on initialization.
WARNING: [RTGEN 206-101] Register 'p_ZZ16hcal_cluster_hls7ap_uintILi3EES_ILi13EEPA12_S_ILi16EERN3hls6streamI13fadc_h_95' is power-on initialization.
WARNING: [RTGEN 206-101] Register 'p_ZZ16hcal_cluster_hls7ap_uintILi3EES_ILi13EEPA12_S_ILi16EERN3hls6streamI13fadc_h_94' is power-on initialization.
WARNING: [RTGEN 206-101] Register 'p_ZZ16hcal_cluster_hls7ap_uintILi3EES_ILi13EEPA12_S_ILi16EERN3hls6streamI13fadc_h_1441' is power-on initialization.
WARNING: [RTGEN 206-101] Register 'p_ZZ16hcal_cluster_hls7ap_uintILi3EES_ILi13EEPA12_S_ILi16EERN3hls6streamI13fadc_h_1442' is power-on initialization.
WARNING: [RTGEN 206-101] Register 'p_ZZ16hcal_cluster_hls7ap_uintILi3EES_ILi13EEPA12_S_ILi16EERN3hls6streamI13fadc_h_73' is power-on initialization.
WARNING: [RTGEN 206-101] Register 'p_ZZ16hcal_cluster_hls7ap_uintILi3EES_ILi13EEPA12_S_ILi16EERN3hls6streamI13fadc_h_72' is power-on initialization.
WARNING: [RTGEN 206-101] Register 'p_ZZ16hcal_cluster_hls7ap_uintILi3EES_ILi13EEPA12_S_ILi16EERN3hls6streamI13fadc_h_1463' is power-on initialization.
WARNING: [RTGEN 206-101] Register 'p_ZZ16hcal_cluster_hls7ap_uintILi3EES_ILi13EEPA12_S_ILi16EERN3hls6streamI13fadc_h_1464' is power-on initialization.
WARNING: [RTGEN 206-101] Register 'p_ZZ16hcal_cluster_hls7ap_uintILi3EES_ILi13EEPA12_S_ILi16EERN3hls6streamI13fadc_h_65' is power-on initialization.
WARNING: [RTGEN 206-101] Register 'p_ZZ16hcal_cluster_hls7ap_uintILi3EES_ILi13EEPA12_S_ILi16EERN3hls6streamI13fadc_h_64' is power-on initialization.
WARNING: [RTGEN 206-101] Register 'p_ZZ16hcal_cluster_hls7ap_uintILi3EES_ILi13EEPA12_S_ILi16EERN3hls6streamI13fadc_h_1471' is power-on initialization.
WARNING: [RTGEN 206-101] Register 'p_ZZ16hcal_cluster_hls7ap_uintILi3EES_ILi13EEPA12_S_ILi16EERN3hls6streamI13fadc_h_1472' is power-on initialization.
WARNING: [RTGEN 206-101] Register 'p_ZZ16hcal_cluster_hls7ap_uintILi3EES_ILi13EEPA12_S_ILi16EERN3hls6streamI13fadc_h_61' is power-on initialization.
WARNING: [RTGEN 206-101] Register 'p_ZZ16hcal_cluster_hls7ap_uintILi3EES_ILi13EEPA12_S_ILi16EERN3hls6streamI13fadc_h_60' is power-on initialization.
WARNING: [RTGEN 206-101] Register 'p_ZZ16hcal_cluster_hls7ap_uintILi3EES_ILi13EEPA12_S_ILi16EERN3hls6streamI13fadc_h_1475' is power-on initialization.
WARNING: [RTGEN 206-101] Register 'p_ZZ16hcal_cluster_hls7ap_uintILi3EES_ILi13EEPA12_S_ILi16EERN3hls6streamI13fadc_h_1476' is power-on initialization.
WARNING: [RTGEN 206-101] Register 'p_ZZ16hcal_cluster_hls7ap_uintILi3EES_ILi13EEPA12_S_ILi16EERN3hls6streamI13fadc_h_47' is power-on initialization.
WARNING: [RTGEN 206-101] Register 'p_ZZ16hcal_cluster_hls7ap_uintILi3EES_ILi13EEPA12_S_ILi16EERN3hls6streamI13fadc_h_46' is power-on initialization.
WARNING: [RTGEN 206-101] Register 'p_ZZ16hcal_cluster_hls7ap_uintILi3EES_ILi13EEPA12_S_ILi16EERN3hls6streamI13fadc_h_1489' is power-on initialization.
WARNING: [RTGEN 206-101] Register 'p_ZZ16hcal_cluster_hls7ap_uintILi3EES_ILi13EEPA12_S_ILi16EERN3hls6streamI13fadc_h_1490' is power-on initialization.
WARNING: [RTGEN 206-101] Register 'p_ZZ16hcal_cluster_hls7ap_uintILi3EES_ILi13EEPA12_S_ILi16EERN3hls6streamI13fadc_h_63' is power-on initialization.
WARNING: [RTGEN 206-101] Register 'p_ZZ16hcal_cluster_hls7ap_uintILi3EES_ILi13EEPA12_S_ILi16EERN3hls6streamI13fadc_h_62' is power-on initialization.
WARNING: [RTGEN 206-101] Register 'p_ZZ16hcal_cluster_hls7ap_uintILi3EES_ILi13EEPA12_S_ILi16EERN3hls6streamI13fadc_h_1473' is power-on initialization.
WARNING: [RTGEN 206-101] Register 'p_ZZ16hcal_cluster_hls7ap_uintILi3EES_ILi13EEPA12_S_ILi16EERN3hls6streamI13fadc_h_1474' is power-on initialization.
WARNING: [RTGEN 206-101] Register 'p_ZZ16hcal_cluster_hls7ap_uintILi3EES_ILi13EEPA12_S_ILi16EERN3hls6streamI13fadc_h_59' is power-on initialization.
WARNING: [RTGEN 206-101] Register 'p_ZZ16hcal_cluster_hls7ap_uintILi3EES_ILi13EEPA12_S_ILi16EERN3hls6streamI13fadc_h_58' is power-on initialization.
WARNING: [RTGEN 206-101] Register 'p_ZZ16hcal_cluster_hls7ap_uintILi3EES_ILi13EEPA12_S_ILi16EERN3hls6streamI13fadc_h_1477' is power-on initialization.
WARNING: [RTGEN 206-101] Register 'p_ZZ16hcal_cluster_hls7ap_uintILi3EES_ILi13EEPA12_S_ILi16EERN3hls6streamI13fadc_h_1478' is power-on initialization.
WARNING: [RTGEN 206-101] Register 'p_ZZ16hcal_cluster_hls7ap_uintILi3EES_ILi13EEPA12_S_ILi16EERN3hls6streamI13fadc_h_57' is power-on initialization.
WARNING: [RTGEN 206-101] Register 'p_ZZ16hcal_cluster_hls7ap_uintILi3EES_ILi13EEPA12_S_ILi16EERN3hls6streamI13fadc_h_56' is power-on initialization.
WARNING: [RTGEN 206-101] Register 'p_ZZ16hcal_cluster_hls7ap_uintILi3EES_ILi13EEPA12_S_ILi16EERN3hls6streamI13fadc_h_1479' is power-on initialization.
WARNING: [RTGEN 206-101] Register 'p_ZZ16hcal_cluster_hls7ap_uintILi3EES_ILi13EEPA12_S_ILi16EERN3hls6streamI13fadc_h_1480' is power-on initialization.
WARNING: [RTGEN 206-101] Register 'p_ZZ16hcal_cluster_hls7ap_uintILi3EES_ILi13EEPA12_S_ILi16EERN3hls6streamI13fadc_h_55' is power-on initialization.
WARNING: [RTGEN 206-101] Register 'p_ZZ16hcal_cluster_hls7ap_uintILi3EES_ILi13EEPA12_S_ILi16EERN3hls6streamI13fadc_h_54' is power-on initialization.
WARNING: [RTGEN 206-101] Register 'p_ZZ16hcal_cluster_hls7ap_uintILi3EES_ILi13EEPA12_S_ILi16EERN3hls6streamI13fadc_h_1481' is power-on initialization.
WARNING: [RTGEN 206-101] Register 'p_ZZ16hcal_cluster_hls7ap_uintILi3EES_ILi13EEPA12_S_ILi16EERN3hls6streamI13fadc_h_1482' is power-on initialization.
WARNING: [RTGEN 206-101] Register 'p_ZZ16hcal_cluster_hls7ap_uintILi3EES_ILi13EEPA12_S_ILi16EERN3hls6streamI13fadc_h_53' is power-on initialization.
WARNING: [RTGEN 206-101] Register 'p_ZZ16hcal_cluster_hls7ap_uintILi3EES_ILi13EEPA12_S_ILi16EERN3hls6streamI13fadc_h_52' is power-on initialization.
WARNING: [RTGEN 206-101] Register 'p_ZZ16hcal_cluster_hls7ap_uintILi3EES_ILi13EEPA12_S_ILi16EERN3hls6streamI13fadc_h_1483' is power-on initialization.
WARNING: [RTGEN 206-101] Register 'p_ZZ16hcal_cluster_hls7ap_uintILi3EES_ILi13EEPA12_S_ILi16EERN3hls6streamI13fadc_h_1484' is power-on initialization.
WARNING: [RTGEN 206-101] Register 'p_ZZ16hcal_cluster_hls7ap_uintILi3EES_ILi13EEPA12_S_ILi16EERN3hls6streamI13fadc_h_51' is power-on initialization.
WARNING: [RTGEN 206-101] Register 'p_ZZ16hcal_cluster_hls7ap_uintILi3EES_ILi13EEPA12_S_ILi16EERN3hls6streamI13fadc_h_50' is power-on initialization.
WARNING: [RTGEN 206-101] Register 'p_ZZ16hcal_cluster_hls7ap_uintILi3EES_ILi13EEPA12_S_ILi16EERN3hls6streamI13fadc_h_1485' is power-on initialization.
WARNING: [RTGEN 206-101] Register 'p_ZZ16hcal_cluster_hls7ap_uintILi3EES_ILi13EEPA12_S_ILi16EERN3hls6streamI13fadc_h_1486' is power-on initialization.
WARNING: [RTGEN 206-101] Register 'hcal_cluster_hls_ap_uint_ap_uint_ap_uint_12_stream_stream_stream_stream_11' is power-on initialization.
WARNING: [RTGEN 206-101] Register 'hcal_cluster_hls_ap_uint_ap_uint_ap_uint_12_stream_stream_stream_stream_10' is power-on initialization.
WARNING: [RTGEN 206-101] Register 'hcal_cluster_hls_ap_uint_ap_uint_ap_uint_12_stream_stream_stream_stream_43' is power-on initialization.
WARNING: [RTGEN 206-101] Register 'hcal_cluster_hls_ap_uint_ap_uint_ap_uint_12_stream_stream_stream_stream_42' is power-on initialization.
WARNING: [RTGEN 206-101] Register 'p_ZZ16hcal_cluster_hls7ap_uintILi3EES_ILi13EEPA12_S_ILi16EERN3hls6streamI13fadc_h_49' is power-on initialization.
WARNING: [RTGEN 206-101] Register 'p_ZZ16hcal_cluster_hls7ap_uintILi3EES_ILi13EEPA12_S_ILi16EERN3hls6streamI13fadc_h_48' is power-on initialization.
WARNING: [RTGEN 206-101] Register 'p_ZZ16hcal_cluster_hls7ap_uintILi3EES_ILi13EEPA12_S_ILi16EERN3hls6streamI13fadc_h_1487' is power-on initialization.
WARNING: [RTGEN 206-101] Register 'p_ZZ16hcal_cluster_hls7ap_uintILi3EES_ILi13EEPA12_S_ILi16EERN3hls6streamI13fadc_h_1488' is power-on initialization.
WARNING: [RTGEN 206-101] Register 'p_ZZ16hcal_cluster_hls7ap_uintILi3EES_ILi13EEPA12_S_ILi16EERN3hls6streamI13fadc_h_45' is power-on initialization.
WARNING: [RTGEN 206-101] Register 'p_ZZ16hcal_cluster_hls7ap_uintILi3EES_ILi13EEPA12_S_ILi16EERN3hls6streamI13fadc_h_44' is power-on initialization.
WARNING: [RTGEN 206-101] Register 'p_ZZ16hcal_cluster_hls7ap_uintILi3EES_ILi13EEPA12_S_ILi16EERN3hls6streamI13fadc_h_1491' is power-on initialization.
WARNING: [RTGEN 206-101] Register 'p_ZZ16hcal_cluster_hls7ap_uintILi3EES_ILi13EEPA12_S_ILi16EERN3hls6streamI13fadc_h_1492' is power-on initialization.
WARNING: [RTGEN 206-101] Register 'p_ZZ16hcal_cluster_hls7ap_uintILi3EES_ILi13EEPA12_S_ILi16EERN3hls6streamI13fadc_h_71' is power-on initialization.
WARNING: [RTGEN 206-101] Register 'p_ZZ16hcal_cluster_hls7ap_uintILi3EES_ILi13EEPA12_S_ILi16EERN3hls6streamI13fadc_h_70' is power-on initialization.
WARNING: [RTGEN 206-101] Register 'p_ZZ16hcal_cluster_hls7ap_uintILi3EES_ILi13EEPA12_S_ILi16EERN3hls6streamI13fadc_h_1465' is power-on initialization.
WARNING: [RTGEN 206-101] Register 'p_ZZ16hcal_cluster_hls7ap_uintILi3EES_ILi13EEPA12_S_ILi16EERN3hls6streamI13fadc_h_1466' is power-on initialization.
WARNING: [RTGEN 206-101] Register 'p_ZZ16hcal_cluster_hls7ap_uintILi3EES_ILi13EEPA12_S_ILi16EERN3hls6streamI13fadc_h_35' is power-on initialization.
WARNING: [RTGEN 206-101] Register 'p_ZZ16hcal_cluster_hls7ap_uintILi3EES_ILi13EEPA12_S_ILi16EERN3hls6streamI13fadc_h_34' is power-on initialization.
WARNING: [RTGEN 206-101] Register 'p_ZZ16hcal_cluster_hls7ap_uintILi3EES_ILi13EEPA12_S_ILi16EERN3hls6streamI13fadc_h_1501' is power-on initialization.
WARNING: [RTGEN 206-101] Register 'p_ZZ16hcal_cluster_hls7ap_uintILi3EES_ILi13EEPA12_S_ILi16EERN3hls6streamI13fadc_h_1502' is power-on initialization.
WARNING: [RTGEN 206-101] Register 'p_ZZ16hcal_cluster_hls7ap_uintILi3EES_ILi13EEPA12_S_ILi16EERN3hls6streamI13fadc_h_7' is power-on initialization.
WARNING: [RTGEN 206-101] Register 'p_ZZ16hcal_cluster_hls7ap_uintILi3EES_ILi13EEPA12_S_ILi16EERN3hls6streamI13fadc_h_6' is power-on initialization.
WARNING: [RTGEN 206-101] Register 'p_ZZ16hcal_cluster_hls7ap_uintILi3EES_ILi13EEPA12_S_ILi16EERN3hls6streamI13fadc_h_1529' is power-on initialization.
WARNING: [RTGEN 206-101] Register 'p_ZZ16hcal_cluster_hls7ap_uintILi3EES_ILi13EEPA12_S_ILi16EERN3hls6streamI13fadc_h_1530' is power-on initialization.
WARNING: [RTGEN 206-101] Register 'hcal_cluster_hls_ap_uint_ap_uint_ap_uint_12_stream_stream_stream_stream_9' is power-on initialization.
WARNING: [RTGEN 206-101] Register 'hcal_cluster_hls_ap_uint_ap_uint_ap_uint_12_stream_stream_stream_stream_8' is power-on initialization.
WARNING: [RTGEN 206-101] Register 'hcal_cluster_hls_ap_uint_ap_uint_ap_uint_12_stream_stream_stream_stream_41' is power-on initialization.
WARNING: [RTGEN 206-101] Register 'hcal_cluster_hls_ap_uint_ap_uint_ap_uint_12_stream_stream_stream_stream_40' is power-on initialization.
WARNING: [RTGEN 206-101] Register 'hcal_cluster_hls_ap_uint_ap_uint_ap_uint_12_stream_stream_stream_stream_13' is power-on initialization.
WARNING: [RTGEN 206-101] Register 'hcal_cluster_hls_ap_uint_ap_uint_ap_uint_12_stream_stream_stream_stream_12' is power-on initialization.
WARNING: [RTGEN 206-101] Register 'hcal_cluster_hls_ap_uint_ap_uint_ap_uint_12_stream_stream_stream_stream_45' is power-on initialization.
WARNING: [RTGEN 206-101] Register 'hcal_cluster_hls_ap_uint_ap_uint_ap_uint_12_stream_stream_stream_stream_44' is power-on initialization.
WARNING: [RTGEN 206-101] Register 'p_ZZ16hcal_cluster_hls7ap_uintILi3EES_ILi13EEPA12_S_ILi16EERN3hls6streamI13fadc_h_3' is power-on initialization.
WARNING: [RTGEN 206-101] Register 'p_ZZ16hcal_cluster_hls7ap_uintILi3EES_ILi13EEPA12_S_ILi16EERN3hls6streamI13fadc_h_2' is power-on initialization.
WARNING: [RTGEN 206-101] Register 'p_ZZ16hcal_cluster_hls7ap_uintILi3EES_ILi13EEPA12_S_ILi16EERN3hls6streamI13fadc_h_1533' is power-on initialization.
WARNING: [RTGEN 206-101] Register 'p_ZZ16hcal_cluster_hls7ap_uintILi3EES_ILi13EEPA12_S_ILi16EERN3hls6streamI13fadc_h_1534' is power-on initialization.
WARNING: [RTGEN 206-101] Register 'p_ZZ16hcal_cluster_hls7ap_uintILi3EES_ILi13EEPA12_S_ILi16EERN3hls6streamI13fadc_h_69' is power-on initialization.
WARNING: [RTGEN 206-101] Register 'p_ZZ16hcal_cluster_hls7ap_uintILi3EES_ILi13EEPA12_S_ILi16EERN3hls6streamI13fadc_h_68' is power-on initialization.
WARNING: [RTGEN 206-101] Register 'p_ZZ16hcal_cluster_hls7ap_uintILi3EES_ILi13EEPA12_S_ILi16EERN3hls6streamI13fadc_h_1467' is power-on initialization.
WARNING: [RTGEN 206-101] Register 'p_ZZ16hcal_cluster_hls7ap_uintILi3EES_ILi13EEPA12_S_ILi16EERN3hls6streamI13fadc_h_1468' is power-on initialization.
WARNING: [RTGEN 206-101] Register 'p_ZZ16hcal_cluster_hls7ap_uintILi3EES_ILi13EEPA12_S_ILi16EERN3hls6streamI13fadc_h_17' is power-on initialization.
WARNING: [RTGEN 206-101] Register 'p_ZZ16hcal_cluster_hls7ap_uintILi3EES_ILi13EEPA12_S_ILi16EERN3hls6streamI13fadc_h_16' is power-on initialization.
WARNING: [RTGEN 206-101] Register 'p_ZZ16hcal_cluster_hls7ap_uintILi3EES_ILi13EEPA12_S_ILi16EERN3hls6streamI13fadc_h_1519' is power-on initialization.
WARNING: [RTGEN 206-101] Register 'p_ZZ16hcal_cluster_hls7ap_uintILi3EES_ILi13EEPA12_S_ILi16EERN3hls6streamI13fadc_h_1520' is power-on initialization.
WARNING: [RTGEN 206-101] Register 'p_ZZ16hcal_cluster_hls7ap_uintILi3EES_ILi13EEPA12_S_ILi16EERN3hls6streamI13fadc_h_11' is power-on initialization.
WARNING: [RTGEN 206-101] Register 'p_ZZ16hcal_cluster_hls7ap_uintILi3EES_ILi13EEPA12_S_ILi16EERN3hls6streamI13fadc_h_10' is power-on initialization.
WARNING: [RTGEN 206-101] Register 'p_ZZ16hcal_cluster_hls7ap_uintILi3EES_ILi13EEPA12_S_ILi16EERN3hls6streamI13fadc_h_1525' is power-on initialization.
WARNING: [RTGEN 206-101] Register 'p_ZZ16hcal_cluster_hls7ap_uintILi3EES_ILi13EEPA12_S_ILi16EERN3hls6streamI13fadc_h_1526' is power-on initialization.
WARNING: [RTGEN 206-101] Register 'p_ZZ16hcal_cluster_hls7ap_uintILi3EES_ILi13EEPA12_S_ILi16EERN3hls6streamI13fadc_h_1551' is power-on initialization.
WARNING: [RTGEN 206-101] Register 'p_ZZ16hcal_cluster_hls7ap_uintILi3EES_ILi13EEPA12_S_ILi16EERN3hls6streamI13fadc_h_1552' is power-on initialization.
WARNING: [RTGEN 206-101] Register 'p_ZZ16hcal_cluster_hls7ap_uintILi3EES_ILi13EEPA12_S_ILi16EERN3hls6streamI13fadc_h_1982' is power-on initialization.
WARNING: [RTGEN 206-101] Register 'p_ZZ16hcal_cluster_hls7ap_uintILi3EES_ILi13EEPA12_S_ILi16EERN3hls6streamI13fadc_h_1983' is power-on initialization.
WARNING: [RTGEN 206-101] Register 'p_ZZ16hcal_cluster_hls7ap_uintILi3EES_ILi13EEPA12_S_ILi16EERN3hls6streamI13fadc_h_33' is power-on initialization.
WARNING: [RTGEN 206-101] Register 'p_ZZ16hcal_cluster_hls7ap_uintILi3EES_ILi13EEPA12_S_ILi16EERN3hls6streamI13fadc_h_32' is power-on initialization.
WARNING: [RTGEN 206-101] Register 'p_ZZ16hcal_cluster_hls7ap_uintILi3EES_ILi13EEPA12_S_ILi16EERN3hls6streamI13fadc_h_1503' is power-on initialization.
WARNING: [RTGEN 206-101] Register 'p_ZZ16hcal_cluster_hls7ap_uintILi3EES_ILi13EEPA12_S_ILi16EERN3hls6streamI13fadc_h_1504' is power-on initialization.
WARNING: [RTGEN 206-101] Register 'p_ZZ16hcal_cluster_hls7ap_uintILi3EES_ILi13EEPA12_S_ILi16EERN3hls6streamI13fadc_h_5' is power-on initialization.
WARNING: [RTGEN 206-101] Register 'p_ZZ16hcal_cluster_hls7ap_uintILi3EES_ILi13EEPA12_S_ILi16EERN3hls6streamI13fadc_h_4' is power-on initialization.
WARNING: [RTGEN 206-101] Register 'p_ZZ16hcal_cluster_hls7ap_uintILi3EES_ILi13EEPA12_S_ILi16EERN3hls6streamI13fadc_h_1531' is power-on initialization.
WARNING: [RTGEN 206-101] Register 'p_ZZ16hcal_cluster_hls7ap_uintILi3EES_ILi13EEPA12_S_ILi16EERN3hls6streamI13fadc_h_1532' is power-on initialization.
WARNING: [RTGEN 206-101] Register 'p_ZZ16hcal_cluster_hls7ap_uintILi3EES_ILi13EEPA12_S_ILi16EERN3hls6streamI13fadc_h_31' is power-on initialization.
WARNING: [RTGEN 206-101] Register 'p_ZZ16hcal_cluster_hls7ap_uintILi3EES_ILi13EEPA12_S_ILi16EERN3hls6streamI13fadc_h_30' is power-on initialization.
WARNING: [RTGEN 206-101] Register 'p_ZZ16hcal_cluster_hls7ap_uintILi3EES_ILi13EEPA12_S_ILi16EERN3hls6streamI13fadc_h_1505' is power-on initialization.
WARNING: [RTGEN 206-101] Register 'p_ZZ16hcal_cluster_hls7ap_uintILi3EES_ILi13EEPA12_S_ILi16EERN3hls6streamI13fadc_h_1506' is power-on initialization.
WARNING: [RTGEN 206-101] Register 'p_ZZ16hcal_cluster_hls7ap_uintILi3EES_ILi13EEPA12_S_ILi16EERN3hls6streamI13fadc_h_67' is power-on initialization.
WARNING: [RTGEN 206-101] Register 'p_ZZ16hcal_cluster_hls7ap_uintILi3EES_ILi13EEPA12_S_ILi16EERN3hls6streamI13fadc_h_66' is power-on initialization.
WARNING: [RTGEN 206-101] Register 'p_ZZ16hcal_cluster_hls7ap_uintILi3EES_ILi13EEPA12_S_ILi16EERN3hls6streamI13fadc_h_1469' is power-on initialization.
WARNING: [RTGEN 206-101] Register 'p_ZZ16hcal_cluster_hls7ap_uintILi3EES_ILi13EEPA12_S_ILi16EERN3hls6streamI13fadc_h_1470' is power-on initialization.
WARNING: [RTGEN 206-101] Register 'p_ZZ16hcal_cluster_hls7ap_uintILi3EES_ILi13EEPA12_S_ILi16EERN3hls6streamI13fadc_h_1' is power-on initialization.
WARNING: [RTGEN 206-101] Register 'p_ZZ16hcal_cluster_hls7ap_uintILi3EES_ILi13EEPA12_S_ILi16EERN3hls6streamI13fadc_h' is power-on initialization.
WARNING: [RTGEN 206-101] Register 'p_ZZ16hcal_cluster_hls7ap_uintILi3EES_ILi13EEPA12_S_ILi16EERN3hls6streamI13fadc_h_1535' is power-on initialization.
WARNING: [RTGEN 206-101] Register 'p_ZZ16hcal_cluster_hls7ap_uintILi3EES_ILi13EEPA12_S_ILi16EERN3hls6streamI13fadc_h_1536' is power-on initialization.
WARNING: [RTGEN 206-101] Register 'p_ZZ16hcal_cluster_hls7ap_uintILi3EES_ILi13EEPA12_S_ILi16EERN3hls6streamI13fadc_h_29' is power-on initialization.
WARNING: [RTGEN 206-101] Register 'p_ZZ16hcal_cluster_hls7ap_uintILi3EES_ILi13EEPA12_S_ILi16EERN3hls6streamI13fadc_h_28' is power-on initialization.
WARNING: [RTGEN 206-101] Register 'p_ZZ16hcal_cluster_hls7ap_uintILi3EES_ILi13EEPA12_S_ILi16EERN3hls6streamI13fadc_h_1507' is power-on initialization.
WARNING: [RTGEN 206-101] Register 'p_ZZ16hcal_cluster_hls7ap_uintILi3EES_ILi13EEPA12_S_ILi16EERN3hls6streamI13fadc_h_1508' is power-on initialization.
WARNING: [RTGEN 206-101] Register 'p_ZZ16hcal_cluster_hls7ap_uintILi3EES_ILi13EEPA12_S_ILi16EERN3hls6streamI13fadc_h_43' is power-on initialization.
WARNING: [RTGEN 206-101] Register 'p_ZZ16hcal_cluster_hls7ap_uintILi3EES_ILi13EEPA12_S_ILi16EERN3hls6streamI13fadc_h_42' is power-on initialization.
WARNING: [RTGEN 206-101] Register 'p_ZZ16hcal_cluster_hls7ap_uintILi3EES_ILi13EEPA12_S_ILi16EERN3hls6streamI13fadc_h_1493' is power-on initialization.
WARNING: [RTGEN 206-101] Register 'p_ZZ16hcal_cluster_hls7ap_uintILi3EES_ILi13EEPA12_S_ILi16EERN3hls6streamI13fadc_h_1494' is power-on initialization.
WARNING: [RTGEN 206-101] Register 'p_ZZ16hcal_cluster_hls7ap_uintILi3EES_ILi13EEPA12_S_ILi16EERN3hls6streamI13fadc_h_1539' is power-on initialization.
WARNING: [RTGEN 206-101] Register 'p_ZZ16hcal_cluster_hls7ap_uintILi3EES_ILi13EEPA12_S_ILi16EERN3hls6streamI13fadc_h_1540' is power-on initialization.
WARNING: [RTGEN 206-101] Register 'p_ZZ16hcal_cluster_hls7ap_uintILi3EES_ILi13EEPA12_S_ILi16EERN3hls6streamI13fadc_h_1969' is power-on initialization.
WARNING: [RTGEN 206-101] Register 'p_ZZ16hcal_cluster_hls7ap_uintILi3EES_ILi13EEPA12_S_ILi16EERN3hls6streamI13fadc_h_1970' is power-on initialization.
WARNING: [RTGEN 206-101] Register 'p_ZZ16hcal_cluster_hls7ap_uintILi3EES_ILi13EEPA12_S_ILi16EERN3hls6streamI13fadc_h_27' is power-on initialization.
WARNING: [RTGEN 206-101] Register 'p_ZZ16hcal_cluster_hls7ap_uintILi3EES_ILi13EEPA12_S_ILi16EERN3hls6streamI13fadc_h_26' is power-on initialization.
WARNING: [RTGEN 206-101] Register 'p_ZZ16hcal_cluster_hls7ap_uintILi3EES_ILi13EEPA12_S_ILi16EERN3hls6streamI13fadc_h_1509' is power-on initialization.
WARNING: [RTGEN 206-101] Register 'p_ZZ16hcal_cluster_hls7ap_uintILi3EES_ILi13EEPA12_S_ILi16EERN3hls6streamI13fadc_h_1510' is power-on initialization.
WARNING: [RTGEN 206-101] Register 'p_ZZ16hcal_cluster_hls7ap_uintILi3EES_ILi13EEPA12_S_ILi16EERN3hls6streamI13fadc_h_41' is power-on initialization.
WARNING: [RTGEN 206-101] Register 'p_ZZ16hcal_cluster_hls7ap_uintILi3EES_ILi13EEPA12_S_ILi16EERN3hls6streamI13fadc_h_40' is power-on initialization.
WARNING: [RTGEN 206-101] Register 'p_ZZ16hcal_cluster_hls7ap_uintILi3EES_ILi13EEPA12_S_ILi16EERN3hls6streamI13fadc_h_1495' is power-on initialization.
WARNING: [RTGEN 206-101] Register 'p_ZZ16hcal_cluster_hls7ap_uintILi3EES_ILi13EEPA12_S_ILi16EERN3hls6streamI13fadc_h_1496' is power-on initialization.
WARNING: [RTGEN 206-101] Register 'p_ZZ16hcal_cluster_hls7ap_uintILi3EES_ILi13EEPA12_S_ILi16EERN3hls6streamI13fadc_h_1541' is power-on initialization.
WARNING: [RTGEN 206-101] Register 'p_ZZ16hcal_cluster_hls7ap_uintILi3EES_ILi13EEPA12_S_ILi16EERN3hls6streamI13fadc_h_1542' is power-on initialization.
WARNING: [RTGEN 206-101] Register 'p_ZZ16hcal_cluster_hls7ap_uintILi3EES_ILi13EEPA12_S_ILi16EERN3hls6streamI13fadc_h_1971' is power-on initialization.
WARNING: [RTGEN 206-101] Register 'p_ZZ16hcal_cluster_hls7ap_uintILi3EES_ILi13EEPA12_S_ILi16EERN3hls6streamI13fadc_h_1972' is power-on initialization.
WARNING: [RTGEN 206-101] Register 'p_ZZ16hcal_cluster_hls7ap_uintILi3EES_ILi13EEPA12_S_ILi16EERN3hls6streamI13fadc_h_1633' is power-on initialization.
WARNING: [RTGEN 206-101] Register 'p_ZZ16hcal_cluster_hls7ap_uintILi3EES_ILi13EEPA12_S_ILi16EERN3hls6streamI13fadc_h_1634' is power-on initialization.
WARNING: [RTGEN 206-101] Register 'p_ZZ16hcal_cluster_hls7ap_uintILi3EES_ILi13EEPA12_S_ILi16EERN3hls6streamI13fadc_h_1095' is power-on initialization.
WARNING: [RTGEN 206-101] Register 'p_ZZ16hcal_cluster_hls7ap_uintILi3EES_ILi13EEPA12_S_ILi16EERN3hls6streamI13fadc_h_1096' is power-on initialization.
WARNING: [RTGEN 206-101] Register 'p_ZZ16hcal_cluster_hls7ap_uintILi3EES_ILi13EEPA12_S_ILi16EERN3hls6streamI13fadc_h_1637' is power-on initialization.
WARNING: [RTGEN 206-101] Register 'p_ZZ16hcal_cluster_hls7ap_uintILi3EES_ILi13EEPA12_S_ILi16EERN3hls6streamI13fadc_h_1638' is power-on initialization.
WARNING: [RTGEN 206-101] Register 'p_ZZ16hcal_cluster_hls7ap_uintILi3EES_ILi13EEPA12_S_ILi16EERN3hls6streamI13fadc_h_1099' is power-on initialization.
WARNING: [RTGEN 206-101] Register 'p_ZZ16hcal_cluster_hls7ap_uintILi3EES_ILi13EEPA12_S_ILi16EERN3hls6streamI13fadc_h_1100' is power-on initialization.
WARNING: [RTGEN 206-101] Register 'p_ZZ16hcal_cluster_hls7ap_uintILi3EES_ILi13EEPA12_S_ILi16EERN3hls6streamI13fadc_h_1655' is power-on initialization.
WARNING: [RTGEN 206-101] Register 'p_ZZ16hcal_cluster_hls7ap_uintILi3EES_ILi13EEPA12_S_ILi16EERN3hls6streamI13fadc_h_1656' is power-on initialization.
WARNING: [RTGEN 206-101] Register 'p_ZZ16hcal_cluster_hls7ap_uintILi3EES_ILi13EEPA12_S_ILi16EERN3hls6streamI13fadc_h_1117' is power-on initialization.
WARNING: [RTGEN 206-101] Register 'p_ZZ16hcal_cluster_hls7ap_uintILi3EES_ILi13EEPA12_S_ILi16EERN3hls6streamI13fadc_h_1118' is power-on initialization.
WARNING: [RTGEN 206-101] Register 'p_ZZ16hcal_cluster_hls7ap_uintILi3EES_ILi13EEPA12_S_ILi16EERN3hls6streamI13fadc_h_1635' is power-on initialization.
WARNING: [RTGEN 206-101] Register 'p_ZZ16hcal_cluster_hls7ap_uintILi3EES_ILi13EEPA12_S_ILi16EERN3hls6streamI13fadc_h_1636' is power-on initialization.
WARNING: [RTGEN 206-101] Register 'p_ZZ16hcal_cluster_hls7ap_uintILi3EES_ILi13EEPA12_S_ILi16EERN3hls6streamI13fadc_h_1097' is power-on initialization.
WARNING: [RTGEN 206-101] Register 'p_ZZ16hcal_cluster_hls7ap_uintILi3EES_ILi13EEPA12_S_ILi16EERN3hls6streamI13fadc_h_1098' is power-on initialization.
WARNING: [RTGEN 206-101] Register 'p_ZZ16hcal_cluster_hls7ap_uintILi3EES_ILi13EEPA12_S_ILi16EERN3hls6streamI13fadc_h_1639' is power-on initialization.
WARNING: [RTGEN 206-101] Register 'p_ZZ16hcal_cluster_hls7ap_uintILi3EES_ILi13EEPA12_S_ILi16EERN3hls6streamI13fadc_h_1640' is power-on initialization.
WARNING: [RTGEN 206-101] Register 'p_ZZ16hcal_cluster_hls7ap_uintILi3EES_ILi13EEPA12_S_ILi16EERN3hls6streamI13fadc_h_1101' is power-on initialization.
WARNING: [RTGEN 206-101] Register 'p_ZZ16hcal_cluster_hls7ap_uintILi3EES_ILi13EEPA12_S_ILi16EERN3hls6streamI13fadc_h_1102' is power-on initialization.
WARNING: [RTGEN 206-101] Register 'p_ZZ16hcal_cluster_hls7ap_uintILi3EES_ILi13EEPA12_S_ILi16EERN3hls6streamI13fadc_h_1641' is power-on initialization.
WARNING: [RTGEN 206-101] Register 'p_ZZ16hcal_cluster_hls7ap_uintILi3EES_ILi13EEPA12_S_ILi16EERN3hls6streamI13fadc_h_1642' is power-on initialization.
WARNING: [RTGEN 206-101] Register 'p_ZZ16hcal_cluster_hls7ap_uintILi3EES_ILi13EEPA12_S_ILi16EERN3hls6streamI13fadc_h_1103' is power-on initialization.
WARNING: [RTGEN 206-101] Register 'p_ZZ16hcal_cluster_hls7ap_uintILi3EES_ILi13EEPA12_S_ILi16EERN3hls6streamI13fadc_h_1104' is power-on initialization.
WARNING: [RTGEN 206-101] Register 'p_ZZ16hcal_cluster_hls7ap_uintILi3EES_ILi13EEPA12_S_ILi16EERN3hls6streamI13fadc_h_1643' is power-on initialization.
WARNING: [RTGEN 206-101] Register 'p_ZZ16hcal_cluster_hls7ap_uintILi3EES_ILi13EEPA12_S_ILi16EERN3hls6streamI13fadc_h_1644' is power-on initialization.
WARNING: [RTGEN 206-101] Register 'p_ZZ16hcal_cluster_hls7ap_uintILi3EES_ILi13EEPA12_S_ILi16EERN3hls6streamI13fadc_h_1105' is power-on initialization.
WARNING: [RTGEN 206-101] Register 'p_ZZ16hcal_cluster_hls7ap_uintILi3EES_ILi13EEPA12_S_ILi16EERN3hls6streamI13fadc_h_1106' is power-on initialization.
WARNING: [RTGEN 206-101] Register 'p_ZZ16hcal_cluster_hls7ap_uintILi3EES_ILi13EEPA12_S_ILi16EERN3hls6streamI13fadc_h_1647' is power-on initialization.
WARNING: [RTGEN 206-101] Register 'p_ZZ16hcal_cluster_hls7ap_uintILi3EES_ILi13EEPA12_S_ILi16EERN3hls6streamI13fadc_h_1648' is power-on initialization.
WARNING: [RTGEN 206-101] Register 'p_ZZ16hcal_cluster_hls7ap_uintILi3EES_ILi13EEPA12_S_ILi16EERN3hls6streamI13fadc_h_1109' is power-on initialization.
WARNING: [RTGEN 206-101] Register 'p_ZZ16hcal_cluster_hls7ap_uintILi3EES_ILi13EEPA12_S_ILi16EERN3hls6streamI13fadc_h_1110' is power-on initialization.
WARNING: [RTGEN 206-101] Register 'p_ZZ16hcal_cluster_hls7ap_uintILi3EES_ILi13EEPA12_S_ILi16EERN3hls6streamI13fadc_h_1649' is power-on initialization.
WARNING: [RTGEN 206-101] Register 'p_ZZ16hcal_cluster_hls7ap_uintILi3EES_ILi13EEPA12_S_ILi16EERN3hls6streamI13fadc_h_1650' is power-on initialization.
WARNING: [RTGEN 206-101] Register 'p_ZZ16hcal_cluster_hls7ap_uintILi3EES_ILi13EEPA12_S_ILi16EERN3hls6streamI13fadc_h_1111' is power-on initialization.
WARNING: [RTGEN 206-101] Register 'p_ZZ16hcal_cluster_hls7ap_uintILi3EES_ILi13EEPA12_S_ILi16EERN3hls6streamI13fadc_h_1112' is power-on initialization.
WARNING: [RTGEN 206-101] Register 'p_ZZ16hcal_cluster_hls7ap_uintILi3EES_ILi13EEPA12_S_ILi16EERN3hls6streamI13fadc_h_1651' is power-on initialization.
WARNING: [RTGEN 206-101] Register 'p_ZZ16hcal_cluster_hls7ap_uintILi3EES_ILi13EEPA12_S_ILi16EERN3hls6streamI13fadc_h_1652' is power-on initialization.
WARNING: [RTGEN 206-101] Register 'p_ZZ16hcal_cluster_hls7ap_uintILi3EES_ILi13EEPA12_S_ILi16EERN3hls6streamI13fadc_h_1113' is power-on initialization.
WARNING: [RTGEN 206-101] Register 'p_ZZ16hcal_cluster_hls7ap_uintILi3EES_ILi13EEPA12_S_ILi16EERN3hls6streamI13fadc_h_1114' is power-on initialization.
WARNING: [RTGEN 206-101] Register 'p_ZZ16hcal_cluster_hls7ap_uintILi3EES_ILi13EEPA12_S_ILi16EERN3hls6streamI13fadc_h_1653' is power-on initialization.
WARNING: [RTGEN 206-101] Register 'p_ZZ16hcal_cluster_hls7ap_uintILi3EES_ILi13EEPA12_S_ILi16EERN3hls6streamI13fadc_h_1654' is power-on initialization.
WARNING: [RTGEN 206-101] Register 'p_ZZ16hcal_cluster_hls7ap_uintILi3EES_ILi13EEPA12_S_ILi16EERN3hls6streamI13fadc_h_1115' is power-on initialization.
WARNING: [RTGEN 206-101] Register 'p_ZZ16hcal_cluster_hls7ap_uintILi3EES_ILi13EEPA12_S_ILi16EERN3hls6streamI13fadc_h_1116' is power-on initialization.
WARNING: [RTGEN 206-101] Register 'p_ZZ16hcal_cluster_hls7ap_uintILi3EES_ILi13EEPA12_S_ILi16EERN3hls6streamI13fadc_h_1657' is power-on initialization.
WARNING: [RTGEN 206-101] Register 'p_ZZ16hcal_cluster_hls7ap_uintILi3EES_ILi13EEPA12_S_ILi16EERN3hls6streamI13fadc_h_1658' is power-on initialization.
WARNING: [RTGEN 206-101] Register 'p_ZZ16hcal_cluster_hls7ap_uintILi3EES_ILi13EEPA12_S_ILi16EERN3hls6streamI13fadc_h_1119' is power-on initialization.
WARNING: [RTGEN 206-101] Register 'p_ZZ16hcal_cluster_hls7ap_uintILi3EES_ILi13EEPA12_S_ILi16EERN3hls6streamI13fadc_h_1120' is power-on initialization.
WARNING: [RTGEN 206-101] Register 'p_ZZ16hcal_cluster_hls7ap_uintILi3EES_ILi13EEPA12_S_ILi16EERN3hls6streamI13fadc_h_25' is power-on initialization.
WARNING: [RTGEN 206-101] Register 'p_ZZ16hcal_cluster_hls7ap_uintILi3EES_ILi13EEPA12_S_ILi16EERN3hls6streamI13fadc_h_24' is power-on initialization.
WARNING: [RTGEN 206-101] Register 'p_ZZ16hcal_cluster_hls7ap_uintILi3EES_ILi13EEPA12_S_ILi16EERN3hls6streamI13fadc_h_1511' is power-on initialization.
WARNING: [RTGEN 206-101] Register 'p_ZZ16hcal_cluster_hls7ap_uintILi3EES_ILi13EEPA12_S_ILi16EERN3hls6streamI13fadc_h_1512' is power-on initialization.
WARNING: [RTGEN 206-101] Register 'p_ZZ16hcal_cluster_hls7ap_uintILi3EES_ILi13EEPA12_S_ILi16EERN3hls6streamI13fadc_h_39' is power-on initialization.
WARNING: [RTGEN 206-101] Register 'p_ZZ16hcal_cluster_hls7ap_uintILi3EES_ILi13EEPA12_S_ILi16EERN3hls6streamI13fadc_h_38' is power-on initialization.
WARNING: [RTGEN 206-101] Register 'p_ZZ16hcal_cluster_hls7ap_uintILi3EES_ILi13EEPA12_S_ILi16EERN3hls6streamI13fadc_h_1497' is power-on initialization.
WARNING: [RTGEN 206-101] Register 'p_ZZ16hcal_cluster_hls7ap_uintILi3EES_ILi13EEPA12_S_ILi16EERN3hls6streamI13fadc_h_1498' is power-on initialization.
WARNING: [RTGEN 206-101] Register 'p_ZZ16hcal_cluster_hls7ap_uintILi3EES_ILi13EEPA12_S_ILi16EERN3hls6streamI13fadc_h_1543' is power-on initialization.
WARNING: [RTGEN 206-101] Register 'p_ZZ16hcal_cluster_hls7ap_uintILi3EES_ILi13EEPA12_S_ILi16EERN3hls6streamI13fadc_h_1544' is power-on initialization.
WARNING: [RTGEN 206-101] Register 'p_ZZ16hcal_cluster_hls7ap_uintILi3EES_ILi13EEPA12_S_ILi16EERN3hls6streamI13fadc_h_1974' is power-on initialization.
WARNING: [RTGEN 206-101] Register 'p_ZZ16hcal_cluster_hls7ap_uintILi3EES_ILi13EEPA12_S_ILi16EERN3hls6streamI13fadc_h_1975' is power-on initialization.
WARNING: [RTGEN 206-101] Register 'p_ZZ16hcal_cluster_hls7ap_uintILi3EES_ILi13EEPA12_S_ILi16EERN3hls6streamI13fadc_h_23' is power-on initialization.
WARNING: [RTGEN 206-101] Register 'p_ZZ16hcal_cluster_hls7ap_uintILi3EES_ILi13EEPA12_S_ILi16EERN3hls6streamI13fadc_h_22' is power-on initialization.
WARNING: [RTGEN 206-101] Register 'p_ZZ16hcal_cluster_hls7ap_uintILi3EES_ILi13EEPA12_S_ILi16EERN3hls6streamI13fadc_h_1513' is power-on initialization.
WARNING: [RTGEN 206-101] Register 'p_ZZ16hcal_cluster_hls7ap_uintILi3EES_ILi13EEPA12_S_ILi16EERN3hls6streamI13fadc_h_1514' is power-on initialization.
WARNING: [RTGEN 206-101] Register 'p_ZZ16hcal_cluster_hls7ap_uintILi3EES_ILi13EEPA12_S_ILi16EERN3hls6streamI13fadc_h_37' is power-on initialization.
WARNING: [RTGEN 206-101] Register 'p_ZZ16hcal_cluster_hls7ap_uintILi3EES_ILi13EEPA12_S_ILi16EERN3hls6streamI13fadc_h_36' is power-on initialization.
WARNING: [RTGEN 206-101] Register 'p_ZZ16hcal_cluster_hls7ap_uintILi3EES_ILi13EEPA12_S_ILi16EERN3hls6streamI13fadc_h_1499' is power-on initialization.
WARNING: [RTGEN 206-101] Register 'p_ZZ16hcal_cluster_hls7ap_uintILi3EES_ILi13EEPA12_S_ILi16EERN3hls6streamI13fadc_h_1500' is power-on initialization.
WARNING: [RTGEN 206-101] Register 'p_ZZ16hcal_cluster_hls7ap_uintILi3EES_ILi13EEPA12_S_ILi16EERN3hls6streamI13fadc_h_1545' is power-on initialization.
WARNING: [RTGEN 206-101] Register 'p_ZZ16hcal_cluster_hls7ap_uintILi3EES_ILi13EEPA12_S_ILi16EERN3hls6streamI13fadc_h_1546' is power-on initialization.
WARNING: [RTGEN 206-101] Register 'p_ZZ16hcal_cluster_hls7ap_uintILi3EES_ILi13EEPA12_S_ILi16EERN3hls6streamI13fadc_h_1976' is power-on initialization.
WARNING: [RTGEN 206-101] Register 'p_ZZ16hcal_cluster_hls7ap_uintILi3EES_ILi13EEPA12_S_ILi16EERN3hls6streamI13fadc_h_1977' is power-on initialization.
WARNING: [RTGEN 206-101] Register 'p_ZZ16hcal_cluster_hls7ap_uintILi3EES_ILi13EEPA12_S_ILi16EERN3hls6streamI13fadc_h_21' is power-on initialization.
WARNING: [RTGEN 206-101] Register 'p_ZZ16hcal_cluster_hls7ap_uintILi3EES_ILi13EEPA12_S_ILi16EERN3hls6streamI13fadc_h_20' is power-on initialization.
WARNING: [RTGEN 206-101] Register 'p_ZZ16hcal_cluster_hls7ap_uintILi3EES_ILi13EEPA12_S_ILi16EERN3hls6streamI13fadc_h_1515' is power-on initialization.
WARNING: [RTGEN 206-101] Register 'p_ZZ16hcal_cluster_hls7ap_uintILi3EES_ILi13EEPA12_S_ILi16EERN3hls6streamI13fadc_h_1516' is power-on initialization.
WARNING: [RTGEN 206-101] Register 'hcal_cluster_hls_ap_uint_ap_uint_ap_uint_12_stream_stream_stream_stream_7' is power-on initialization.
WARNING: [RTGEN 206-101] Register 'hcal_cluster_hls_ap_uint_ap_uint_ap_uint_12_stream_stream_stream_stream_6' is power-on initialization.
WARNING: [RTGEN 206-101] Register 'hcal_cluster_hls_ap_uint_ap_uint_ap_uint_12_stream_stream_stream_stream_39' is power-on initialization.
WARNING: [RTGEN 206-101] Register 'hcal_cluster_hls_ap_uint_ap_uint_ap_uint_12_stream_stream_stream_stream_38' is power-on initialization.
WARNING: [RTGEN 206-101] Register 'p_ZZ16hcal_cluster_hls7ap_uintILi3EES_ILi13EEPA12_S_ILi16EERN3hls6streamI13fadc_h_1547' is power-on initialization.
WARNING: [RTGEN 206-101] Register 'p_ZZ16hcal_cluster_hls7ap_uintILi3EES_ILi13EEPA12_S_ILi16EERN3hls6streamI13fadc_h_1548' is power-on initialization.
WARNING: [RTGEN 206-101] Register 'p_ZZ16hcal_cluster_hls7ap_uintILi3EES_ILi13EEPA12_S_ILi16EERN3hls6streamI13fadc_h_1978' is power-on initialization.
WARNING: [RTGEN 206-101] Register 'p_ZZ16hcal_cluster_hls7ap_uintILi3EES_ILi13EEPA12_S_ILi16EERN3hls6streamI13fadc_h_1979' is power-on initialization.
WARNING: [RTGEN 206-101] Register 'p_ZZ16hcal_cluster_hls7ap_uintILi3EES_ILi13EEPA12_S_ILi16EERN3hls6streamI13fadc_h_19' is power-on initialization.
WARNING: [RTGEN 206-101] Register 'p_ZZ16hcal_cluster_hls7ap_uintILi3EES_ILi13EEPA12_S_ILi16EERN3hls6streamI13fadc_h_18' is power-on initialization.
WARNING: [RTGEN 206-101] Register 'p_ZZ16hcal_cluster_hls7ap_uintILi3EES_ILi13EEPA12_S_ILi16EERN3hls6streamI13fadc_h_1517' is power-on initialization.
WARNING: [RTGEN 206-101] Register 'p_ZZ16hcal_cluster_hls7ap_uintILi3EES_ILi13EEPA12_S_ILi16EERN3hls6streamI13fadc_h_1518' is power-on initialization.
WARNING: [RTGEN 206-101] Register 'p_ZZ16hcal_cluster_hls7ap_uintILi3EES_ILi13EEPA12_S_ILi16EERN3hls6streamI13fadc_h_13' is power-on initialization.
WARNING: [RTGEN 206-101] Register 'p_ZZ16hcal_cluster_hls7ap_uintILi3EES_ILi13EEPA12_S_ILi16EERN3hls6streamI13fadc_h_12' is power-on initialization.
WARNING: [RTGEN 206-101] Register 'p_ZZ16hcal_cluster_hls7ap_uintILi3EES_ILi13EEPA12_S_ILi16EERN3hls6streamI13fadc_h_1523' is power-on initialization.
WARNING: [RTGEN 206-101] Register 'p_ZZ16hcal_cluster_hls7ap_uintILi3EES_ILi13EEPA12_S_ILi16EERN3hls6streamI13fadc_h_1524' is power-on initialization.
WARNING: [RTGEN 206-101] Register 'p_ZZ16hcal_cluster_hls7ap_uintILi3EES_ILi13EEPA12_S_ILi16EERN3hls6streamI13fadc_h_1549' is power-on initialization.
WARNING: [RTGEN 206-101] Register 'p_ZZ16hcal_cluster_hls7ap_uintILi3EES_ILi13EEPA12_S_ILi16EERN3hls6streamI13fadc_h_1550' is power-on initialization.
WARNING: [RTGEN 206-101] Register 'p_ZZ16hcal_cluster_hls7ap_uintILi3EES_ILi13EEPA12_S_ILi16EERN3hls6streamI13fadc_h_1980' is power-on initialization.
WARNING: [RTGEN 206-101] Register 'p_ZZ16hcal_cluster_hls7ap_uintILi3EES_ILi13EEPA12_S_ILi16EERN3hls6streamI13fadc_h_1981' is power-on initialization.
WARNING: [RTGEN 206-101] Register 'p_ZZ16hcal_cluster_hls7ap_uintILi3EES_ILi13EEPA12_S_ILi16EERN3hls6streamI13fadc_h_15' is power-on initialization.
WARNING: [RTGEN 206-101] Register 'p_ZZ16hcal_cluster_hls7ap_uintILi3EES_ILi13EEPA12_S_ILi16EERN3hls6streamI13fadc_h_14' is power-on initialization.
WARNING: [RTGEN 206-101] Register 'p_ZZ16hcal_cluster_hls7ap_uintILi3EES_ILi13EEPA12_S_ILi16EERN3hls6streamI13fadc_h_1521' is power-on initialization.
WARNING: [RTGEN 206-101] Register 'p_ZZ16hcal_cluster_hls7ap_uintILi3EES_ILi13EEPA12_S_ILi16EERN3hls6streamI13fadc_h_1522' is power-on initialization.
WARNING: [RTGEN 206-101] Register 'p_ZZ16hcal_cluster_hls7ap_uintILi3EES_ILi13EEPA12_S_ILi16EERN3hls6streamI13fadc_h_9' is power-on initialization.
WARNING: [RTGEN 206-101] Register 'p_ZZ16hcal_cluster_hls7ap_uintILi3EES_ILi13EEPA12_S_ILi16EERN3hls6streamI13fadc_h_8' is power-on initialization.
WARNING: [RTGEN 206-101] Register 'p_ZZ16hcal_cluster_hls7ap_uintILi3EES_ILi13EEPA12_S_ILi16EERN3hls6streamI13fadc_h_1527' is power-on initialization.
WARNING: [RTGEN 206-101] Register 'p_ZZ16hcal_cluster_hls7ap_uintILi3EES_ILi13EEPA12_S_ILi16EERN3hls6streamI13fadc_h_1528' is power-on initialization.
WARNING: [RTGEN 206-101] Register 'p_ZZ16hcal_cluster_hls7ap_uintILi3EES_ILi13EEPA12_S_ILi16EERN3hls6streamI13fadc_h_1553' is power-on initialization.
WARNING: [RTGEN 206-101] Register 'p_ZZ16hcal_cluster_hls7ap_uintILi3EES_ILi13EEPA12_S_ILi16EERN3hls6streamI13fadc_h_1554' is power-on initialization.
WARNING: [RTGEN 206-101] Register 'p_ZZ16hcal_cluster_hls7ap_uintILi3EES_ILi13EEPA12_S_ILi16EERN3hls6streamI13fadc_h_1985' is power-on initialization.
WARNING: [RTGEN 206-101] Register 'p_ZZ16hcal_cluster_hls7ap_uintILi3EES_ILi13EEPA12_S_ILi16EERN3hls6streamI13fadc_h_1986' is power-on initialization.
WARNING: [RTGEN 206-101] Register 'p_ZZ16hcal_cluster_hls7ap_uintILi3EES_ILi13EEPA12_S_ILi16EERN3hls6streamI13fadc_h_1565' is power-on initialization.
WARNING: [RTGEN 206-101] Register 'p_ZZ16hcal_cluster_hls7ap_uintILi3EES_ILi13EEPA12_S_ILi16EERN3hls6streamI13fadc_h_1566' is power-on initialization.
WARNING: [RTGEN 206-101] Register 'p_ZZ16hcal_cluster_hls7ap_uintILi3EES_ILi13EEPA12_S_ILi16EERN3hls6streamI13fadc_h_1998' is power-on initialization.
WARNING: [RTGEN 206-101] Register 'p_ZZ16hcal_cluster_hls7ap_uintILi3EES_ILi13EEPA12_S_ILi16EERN3hls6streamI13fadc_h_1999' is power-on initialization.
WARNING: [RTGEN 206-101] Register 'p_ZZ16hcal_cluster_hls7ap_uintILi3EES_ILi13EEPA12_S_ILi16EERN3hls6streamI13fadc_h_1569' is power-on initialization.
WARNING: [RTGEN 206-101] Register 'p_ZZ16hcal_cluster_hls7ap_uintILi3EES_ILi13EEPA12_S_ILi16EERN3hls6streamI13fadc_h_1570' is power-on initialization.
WARNING: [RTGEN 206-101] Register 'p_ZZ16hcal_cluster_hls7ap_uintILi3EES_ILi13EEPA12_S_ILi16EERN3hls6streamI13fadc_h_2002' is power-on initialization.
WARNING: [RTGEN 206-101] Register 'p_ZZ16hcal_cluster_hls7ap_uintILi3EES_ILi13EEPA12_S_ILi16EERN3hls6streamI13fadc_h_2003' is power-on initialization.
WARNING: [RTGEN 206-101] Register 'p_ZZ16hcal_cluster_hls7ap_uintILi3EES_ILi13EEPA12_S_ILi16EERN3hls6streamI13fadc_h_1585' is power-on initialization.
WARNING: [RTGEN 206-101] Register 'p_ZZ16hcal_cluster_hls7ap_uintILi3EES_ILi13EEPA12_S_ILi16EERN3hls6streamI13fadc_h_1586' is power-on initialization.
WARNING: [RTGEN 206-101] Register 'p_ZZ16hcal_cluster_hls7ap_uintILi3EES_ILi13EEPA12_S_ILi16EERN3hls6streamI13fadc_h_2020' is power-on initialization.
WARNING: [RTGEN 206-101] Register 'p_ZZ16hcal_cluster_hls7ap_uintILi3EES_ILi13EEPA12_S_ILi16EERN3hls6streamI13fadc_h_2021' is power-on initialization.
WARNING: [RTGEN 206-101] Register 'p_ZZ16hcal_cluster_hls7ap_uintILi3EES_ILi13EEPA12_S_ILi16EERN3hls6streamI13fadc_h_1567' is power-on initialization.
WARNING: [RTGEN 206-101] Register 'p_ZZ16hcal_cluster_hls7ap_uintILi3EES_ILi13EEPA12_S_ILi16EERN3hls6streamI13fadc_h_1568' is power-on initialization.
WARNING: [RTGEN 206-101] Register 'p_ZZ16hcal_cluster_hls7ap_uintILi3EES_ILi13EEPA12_S_ILi16EERN3hls6streamI13fadc_h_2000' is power-on initialization.
WARNING: [RTGEN 206-101] Register 'p_ZZ16hcal_cluster_hls7ap_uintILi3EES_ILi13EEPA12_S_ILi16EERN3hls6streamI13fadc_h_2001' is power-on initialization.
WARNING: [RTGEN 206-101] Register 'p_ZZ16hcal_cluster_hls7ap_uintILi3EES_ILi13EEPA12_S_ILi16EERN3hls6streamI13fadc_h_1571' is power-on initialization.
WARNING: [RTGEN 206-101] Register 'p_ZZ16hcal_cluster_hls7ap_uintILi3EES_ILi13EEPA12_S_ILi16EERN3hls6streamI13fadc_h_1572' is power-on initialization.
WARNING: [RTGEN 206-101] Register 'p_ZZ16hcal_cluster_hls7ap_uintILi3EES_ILi13EEPA12_S_ILi16EERN3hls6streamI13fadc_h_2004' is power-on initialization.
WARNING: [RTGEN 206-101] Register 'p_ZZ16hcal_cluster_hls7ap_uintILi3EES_ILi13EEPA12_S_ILi16EERN3hls6streamI13fadc_h_2005' is power-on initialization.
WARNING: [RTGEN 206-101] Register 'p_ZZ16hcal_cluster_hls7ap_uintILi3EES_ILi13EEPA12_S_ILi16EERN3hls6streamI13fadc_h_1573' is power-on initialization.
WARNING: [RTGEN 206-101] Register 'p_ZZ16hcal_cluster_hls7ap_uintILi3EES_ILi13EEPA12_S_ILi16EERN3hls6streamI13fadc_h_1574' is power-on initialization.
WARNING: [RTGEN 206-101] Register 'p_ZZ16hcal_cluster_hls7ap_uintILi3EES_ILi13EEPA12_S_ILi16EERN3hls6streamI13fadc_h_2007' is power-on initialization.
WARNING: [RTGEN 206-101] Register 'p_ZZ16hcal_cluster_hls7ap_uintILi3EES_ILi13EEPA12_S_ILi16EERN3hls6streamI13fadc_h_2008' is power-on initialization.
WARNING: [RTGEN 206-101] Register 'p_ZZ16hcal_cluster_hls7ap_uintILi3EES_ILi13EEPA12_S_ILi16EERN3hls6streamI13fadc_h_1575' is power-on initialization.
WARNING: [RTGEN 206-101] Register 'p_ZZ16hcal_cluster_hls7ap_uintILi3EES_ILi13EEPA12_S_ILi16EERN3hls6streamI13fadc_h_1576' is power-on initialization.
WARNING: [RTGEN 206-101] Register 'p_ZZ16hcal_cluster_hls7ap_uintILi3EES_ILi13EEPA12_S_ILi16EERN3hls6streamI13fadc_h_2009' is power-on initialization.
WARNING: [RTGEN 206-101] Register 'p_ZZ16hcal_cluster_hls7ap_uintILi3EES_ILi13EEPA12_S_ILi16EERN3hls6streamI13fadc_h_2010' is power-on initialization.
WARNING: [RTGEN 206-101] Register 'p_ZZ16hcal_cluster_hls7ap_uintILi3EES_ILi13EEPA12_S_ILi16EERN3hls6streamI13fadc_h_1577' is power-on initialization.
WARNING: [RTGEN 206-101] Register 'p_ZZ16hcal_cluster_hls7ap_uintILi3EES_ILi13EEPA12_S_ILi16EERN3hls6streamI13fadc_h_1578' is power-on initialization.
WARNING: [RTGEN 206-101] Register 'p_ZZ16hcal_cluster_hls7ap_uintILi3EES_ILi13EEPA12_S_ILi16EERN3hls6streamI13fadc_h_2011' is power-on initialization.
WARNING: [RTGEN 206-101] Register 'p_ZZ16hcal_cluster_hls7ap_uintILi3EES_ILi13EEPA12_S_ILi16EERN3hls6streamI13fadc_h_2012' is power-on initialization.
WARNING: [RTGEN 206-101] Register 'p_ZZ16hcal_cluster_hls7ap_uintILi3EES_ILi13EEPA12_S_ILi16EERN3hls6streamI13fadc_h_1579' is power-on initialization.
WARNING: [RTGEN 206-101] Register 'p_ZZ16hcal_cluster_hls7ap_uintILi3EES_ILi13EEPA12_S_ILi16EERN3hls6streamI13fadc_h_1580' is power-on initialization.
WARNING: [RTGEN 206-101] Register 'p_ZZ16hcal_cluster_hls7ap_uintILi3EES_ILi13EEPA12_S_ILi16EERN3hls6streamI13fadc_h_2013' is power-on initialization.
WARNING: [RTGEN 206-101] Register 'p_ZZ16hcal_cluster_hls7ap_uintILi3EES_ILi13EEPA12_S_ILi16EERN3hls6streamI13fadc_h_2014' is power-on initialization.
WARNING: [RTGEN 206-101] Register 'p_ZZ16hcal_cluster_hls7ap_uintILi3EES_ILi13EEPA12_S_ILi16EERN3hls6streamI13fadc_h_1581' is power-on initialization.
WARNING: [RTGEN 206-101] Register 'p_ZZ16hcal_cluster_hls7ap_uintILi3EES_ILi13EEPA12_S_ILi16EERN3hls6streamI13fadc_h_1582' is power-on initialization.
WARNING: [RTGEN 206-101] Register 'p_ZZ16hcal_cluster_hls7ap_uintILi3EES_ILi13EEPA12_S_ILi16EERN3hls6streamI13fadc_h_2015' is power-on initialization.
WARNING: [RTGEN 206-101] Register 'p_ZZ16hcal_cluster_hls7ap_uintILi3EES_ILi13EEPA12_S_ILi16EERN3hls6streamI13fadc_h_2016' is power-on initialization.
WARNING: [RTGEN 206-101] Register 'p_ZZ16hcal_cluster_hls7ap_uintILi3EES_ILi13EEPA12_S_ILi16EERN3hls6streamI13fadc_h_1583' is power-on initialization.
WARNING: [RTGEN 206-101] Register 'p_ZZ16hcal_cluster_hls7ap_uintILi3EES_ILi13EEPA12_S_ILi16EERN3hls6streamI13fadc_h_1584' is power-on initialization.
WARNING: [RTGEN 206-101] Register 'p_ZZ16hcal_cluster_hls7ap_uintILi3EES_ILi13EEPA12_S_ILi16EERN3hls6streamI13fadc_h_2018' is power-on initialization.
WARNING: [RTGEN 206-101] Register 'p_ZZ16hcal_cluster_hls7ap_uintILi3EES_ILi13EEPA12_S_ILi16EERN3hls6streamI13fadc_h_2019' is power-on initialization.
WARNING: [RTGEN 206-101] Register 'p_ZZ16hcal_cluster_hls7ap_uintILi3EES_ILi13EEPA12_S_ILi16EERN3hls6streamI13fadc_h_1587' is power-on initialization.
WARNING: [RTGEN 206-101] Register 'p_ZZ16hcal_cluster_hls7ap_uintILi3EES_ILi13EEPA12_S_ILi16EERN3hls6streamI13fadc_h_1588' is power-on initialization.
WARNING: [RTGEN 206-101] Register 'p_ZZ16hcal_cluster_hls7ap_uintILi3EES_ILi13EEPA12_S_ILi16EERN3hls6streamI13fadc_h_2022' is power-on initialization.
WARNING: [RTGEN 206-101] Register 'p_ZZ16hcal_cluster_hls7ap_uintILi3EES_ILi13EEPA12_S_ILi16EERN3hls6streamI13fadc_h_2023' is power-on initialization.
WARNING: [RTGEN 206-101] Register 'p_ZZ16hcal_cluster_hls7ap_uintILi3EES_ILi13EEPA12_S_ILi16EERN3hls6streamI13fadc_h_1597' is power-on initialization.
WARNING: [RTGEN 206-101] Register 'p_ZZ16hcal_cluster_hls7ap_uintILi3EES_ILi13EEPA12_S_ILi16EERN3hls6streamI13fadc_h_1598' is power-on initialization.
WARNING: [RTGEN 206-101] Register 'p_ZZ16hcal_cluster_hls7ap_uintILi3EES_ILi13EEPA12_S_ILi16EERN3hls6streamI13fadc_h_2033' is power-on initialization.
WARNING: [RTGEN 206-101] Register 'p_ZZ16hcal_cluster_hls7ap_uintILi3EES_ILi13EEPA12_S_ILi16EERN3hls6streamI13fadc_h_2034' is power-on initialization.
WARNING: [RTGEN 206-101] Register 'p_ZZ16hcal_cluster_hls7ap_uintILi3EES_ILi13EEPA12_S_ILi16EERN3hls6streamI13fadc_h_1603' is power-on initialization.
WARNING: [RTGEN 206-101] Register 'p_ZZ16hcal_cluster_hls7ap_uintILi3EES_ILi13EEPA12_S_ILi16EERN3hls6streamI13fadc_h_1604' is power-on initialization.
WARNING: [RTGEN 206-101] Register 'p_ZZ16hcal_cluster_hls7ap_uintILi3EES_ILi13EEPA12_S_ILi16EERN3hls6streamI13fadc_h_2040' is power-on initialization.
WARNING: [RTGEN 206-101] Register 'p_ZZ16hcal_cluster_hls7ap_uintILi3EES_ILi13EEPA12_S_ILi16EERN3hls6streamI13fadc_h_2041' is power-on initialization.
WARNING: [RTGEN 206-101] Register 'p_ZZ16hcal_cluster_hls7ap_uintILi3EES_ILi13EEPA12_S_ILi16EERN3hls6streamI13fadc_h_1619' is power-on initialization.
WARNING: [RTGEN 206-101] Register 'p_ZZ16hcal_cluster_hls7ap_uintILi3EES_ILi13EEPA12_S_ILi16EERN3hls6streamI13fadc_h_1620' is power-on initialization.
WARNING: [RTGEN 206-101] Register 'p_ZZ16hcal_cluster_hls7ap_uintILi3EES_ILi13EEPA12_S_ILi16EERN3hls6streamI13fadc_h_1081' is power-on initialization.
WARNING: [RTGEN 206-101] Register 'p_ZZ16hcal_cluster_hls7ap_uintILi3EES_ILi13EEPA12_S_ILi16EERN3hls6streamI13fadc_h_1082' is power-on initialization.
WARNING: [RTGEN 206-101] Register 'p_ZZ16hcal_cluster_hls7ap_uintILi3EES_ILi13EEPA12_S_ILi16EERN3hls6streamI13fadc_h_1599' is power-on initialization.
WARNING: [RTGEN 206-101] Register 'p_ZZ16hcal_cluster_hls7ap_uintILi3EES_ILi13EEPA12_S_ILi16EERN3hls6streamI13fadc_h_1600' is power-on initialization.
WARNING: [RTGEN 206-101] Register 'p_ZZ16hcal_cluster_hls7ap_uintILi3EES_ILi13EEPA12_S_ILi16EERN3hls6streamI13fadc_h_2035' is power-on initialization.
WARNING: [RTGEN 206-101] Register 'p_ZZ16hcal_cluster_hls7ap_uintILi3EES_ILi13EEPA12_S_ILi16EERN3hls6streamI13fadc_h_2036' is power-on initialization.
WARNING: [RTGEN 206-101] Register 'p_ZZ16hcal_cluster_hls7ap_uintILi3EES_ILi13EEPA12_S_ILi16EERN3hls6streamI13fadc_h_1605' is power-on initialization.
WARNING: [RTGEN 206-101] Register 'p_ZZ16hcal_cluster_hls7ap_uintILi3EES_ILi13EEPA12_S_ILi16EERN3hls6streamI13fadc_h_1606' is power-on initialization.
WARNING: [RTGEN 206-101] Register 'p_ZZ16hcal_cluster_hls7ap_uintILi3EES_ILi13EEPA12_S_ILi16EERN3hls6streamI13fadc_h_2042' is power-on initialization.
WARNING: [RTGEN 206-101] Register 'p_ZZ16hcal_cluster_hls7ap_uintILi3EES_ILi13EEPA12_S_ILi16EERN3hls6streamI13fadc_h_2043' is power-on initialization.
WARNING: [RTGEN 206-101] Register 'p_ZZ16hcal_cluster_hls7ap_uintILi3EES_ILi13EEPA12_S_ILi16EERN3hls6streamI13fadc_h_1607' is power-on initialization.
WARNING: [RTGEN 206-101] Register 'p_ZZ16hcal_cluster_hls7ap_uintILi3EES_ILi13EEPA12_S_ILi16EERN3hls6streamI13fadc_h_1608' is power-on initialization.
WARNING: [RTGEN 206-101] Register 'p_ZZ16hcal_cluster_hls7ap_uintILi3EES_ILi13EEPA12_S_ILi16EERN3hls6streamI13fadc_h_2044' is power-on initialization.
WARNING: [RTGEN 206-101] Register 'p_ZZ16hcal_cluster_hls7ap_uintILi3EES_ILi13EEPA12_S_ILi16EERN3hls6streamI13fadc_h_2045' is power-on initialization.
WARNING: [RTGEN 206-101] Register 'p_ZZ16hcal_cluster_hls7ap_uintILi3EES_ILi13EEPA12_S_ILi16EERN3hls6streamI13fadc_h_1609' is power-on initialization.
WARNING: [RTGEN 206-101] Register 'p_ZZ16hcal_cluster_hls7ap_uintILi3EES_ILi13EEPA12_S_ILi16EERN3hls6streamI13fadc_h_1610' is power-on initialization.
WARNING: [RTGEN 206-101] Register 'p_ZZ16hcal_cluster_hls7ap_uintILi3EES_ILi13EEPA12_S_ILi16EERN3hls6streamI13fadc_h_2046' is power-on initialization.
WARNING: [RTGEN 206-101] Register 'p_ZZ16hcal_cluster_hls7ap_uintILi3EES_ILi13EEPA12_S_ILi16EERN3hls6streamI13fadc_h_2047' is power-on initialization.
WARNING: [RTGEN 206-101] Register 'p_ZZ16hcal_cluster_hls7ap_uintILi3EES_ILi13EEPA12_S_ILi16EERN3hls6streamI13fadc_h_1611' is power-on initialization.
WARNING: [RTGEN 206-101] Register 'p_ZZ16hcal_cluster_hls7ap_uintILi3EES_ILi13EEPA12_S_ILi16EERN3hls6streamI13fadc_h_1612' is power-on initialization.
WARNING: [RTGEN 206-101] Register 'p_ZZ16hcal_cluster_hls7ap_uintILi3EES_ILi13EEPA12_S_ILi16EERN3hls6streamI13fadc_h_2048' is power-on initialization.
WARNING: [RTGEN 206-101] Register 'p_ZZ16hcal_cluster_hls7ap_uintILi3EES_ILi13EEPA12_S_ILi16EERN3hls6streamI13fadc_h_2049' is power-on initialization.
WARNING: [RTGEN 206-101] Register 'p_ZZ16hcal_cluster_hls7ap_uintILi3EES_ILi13EEPA12_S_ILi16EERN3hls6streamI13fadc_h_1613' is power-on initialization.
WARNING: [RTGEN 206-101] Register 'p_ZZ16hcal_cluster_hls7ap_uintILi3EES_ILi13EEPA12_S_ILi16EERN3hls6streamI13fadc_h_1614' is power-on initialization.
WARNING: [RTGEN 206-101] Register 'p_ZZ16hcal_cluster_hls7ap_uintILi3EES_ILi13EEPA12_S_ILi16EERN3hls6streamI13fadc_h_999' is power-on initialization.
WARNING: [RTGEN 206-101] Register 'p_ZZ16hcal_cluster_hls7ap_uintILi3EES_ILi13EEPA12_S_ILi16EERN3hls6streamI13fadc_h_1076' is power-on initialization.
WARNING: [RTGEN 206-101] Register 'p_ZZ16hcal_cluster_hls7ap_uintILi3EES_ILi13EEPA12_S_ILi16EERN3hls6streamI13fadc_h_1615' is power-on initialization.
WARNING: [RTGEN 206-101] Register 'p_ZZ16hcal_cluster_hls7ap_uintILi3EES_ILi13EEPA12_S_ILi16EERN3hls6streamI13fadc_h_1616' is power-on initialization.
WARNING: [RTGEN 206-101] Register 'p_ZZ16hcal_cluster_hls7ap_uintILi3EES_ILi13EEPA12_S_ILi16EERN3hls6streamI13fadc_h_1077' is power-on initialization.
WARNING: [RTGEN 206-101] Register 'p_ZZ16hcal_cluster_hls7ap_uintILi3EES_ILi13EEPA12_S_ILi16EERN3hls6streamI13fadc_h_1078' is power-on initialization.
WARNING: [RTGEN 206-101] Register 'p_ZZ16hcal_cluster_hls7ap_uintILi3EES_ILi13EEPA12_S_ILi16EERN3hls6streamI13fadc_h_1617' is power-on initialization.
WARNING: [RTGEN 206-101] Register 'p_ZZ16hcal_cluster_hls7ap_uintILi3EES_ILi13EEPA12_S_ILi16EERN3hls6streamI13fadc_h_1618' is power-on initialization.
WARNING: [RTGEN 206-101] Register 'p_ZZ16hcal_cluster_hls7ap_uintILi3EES_ILi13EEPA12_S_ILi16EERN3hls6streamI13fadc_h_1079' is power-on initialization.
WARNING: [RTGEN 206-101] Register 'p_ZZ16hcal_cluster_hls7ap_uintILi3EES_ILi13EEPA12_S_ILi16EERN3hls6streamI13fadc_h_1080' is power-on initialization.
WARNING: [RTGEN 206-101] Register 'p_ZZ16hcal_cluster_hls7ap_uintILi3EES_ILi13EEPA12_S_ILi16EERN3hls6streamI13fadc_h_1621' is power-on initialization.
WARNING: [RTGEN 206-101] Register 'p_ZZ16hcal_cluster_hls7ap_uintILi3EES_ILi13EEPA12_S_ILi16EERN3hls6streamI13fadc_h_1622' is power-on initialization.
WARNING: [RTGEN 206-101] Register 'p_ZZ16hcal_cluster_hls7ap_uintILi3EES_ILi13EEPA12_S_ILi16EERN3hls6streamI13fadc_h_1083' is power-on initialization.
WARNING: [RTGEN 206-101] Register 'p_ZZ16hcal_cluster_hls7ap_uintILi3EES_ILi13EEPA12_S_ILi16EERN3hls6streamI13fadc_h_1084' is power-on initialization.
WARNING: [RTGEN 206-101] Register 'p_ZZ16hcal_cluster_hls7ap_uintILi3EES_ILi13EEPA12_S_ILi16EERN3hls6streamI13fadc_h_1669' is power-on initialization.
WARNING: [RTGEN 206-101] Register 'p_ZZ16hcal_cluster_hls7ap_uintILi3EES_ILi13EEPA12_S_ILi16EERN3hls6streamI13fadc_h_1670' is power-on initialization.
WARNING: [RTGEN 206-101] Register 'p_ZZ16hcal_cluster_hls7ap_uintILi3EES_ILi13EEPA12_S_ILi16EERN3hls6streamI13fadc_h_1131' is power-on initialization.
WARNING: [RTGEN 206-101] Register 'p_ZZ16hcal_cluster_hls7ap_uintILi3EES_ILi13EEPA12_S_ILi16EERN3hls6streamI13fadc_h_1132' is power-on initialization.
WARNING: [RTGEN 206-101] Register 'p_ZZ16hcal_cluster_hls7ap_uintILi3EES_ILi13EEPA12_S_ILi16EERN3hls6streamI13fadc_h_1673' is power-on initialization.
WARNING: [RTGEN 206-101] Register 'p_ZZ16hcal_cluster_hls7ap_uintILi3EES_ILi13EEPA12_S_ILi16EERN3hls6streamI13fadc_h_1674' is power-on initialization.
WARNING: [RTGEN 206-101] Register 'p_ZZ16hcal_cluster_hls7ap_uintILi3EES_ILi13EEPA12_S_ILi16EERN3hls6streamI13fadc_h_1135' is power-on initialization.
WARNING: [RTGEN 206-101] Register 'p_ZZ16hcal_cluster_hls7ap_uintILi3EES_ILi13EEPA12_S_ILi16EERN3hls6streamI13fadc_h_1136' is power-on initialization.
WARNING: [RTGEN 206-101] Register 'p_ZZ16hcal_cluster_hls7ap_uintILi3EES_ILi13EEPA12_S_ILi16EERN3hls6streamI13fadc_h_1691' is power-on initialization.
WARNING: [RTGEN 206-101] Register 'p_ZZ16hcal_cluster_hls7ap_uintILi3EES_ILi13EEPA12_S_ILi16EERN3hls6streamI13fadc_h_1692' is power-on initialization.
WARNING: [RTGEN 206-101] Register 'p_ZZ16hcal_cluster_hls7ap_uintILi3EES_ILi13EEPA12_S_ILi16EERN3hls6streamI13fadc_h_1153' is power-on initialization.
WARNING: [RTGEN 206-101] Register 'p_ZZ16hcal_cluster_hls7ap_uintILi3EES_ILi13EEPA12_S_ILi16EERN3hls6streamI13fadc_h_1154' is power-on initialization.
WARNING: [RTGEN 206-101] Register 'p_ZZ16hcal_cluster_hls7ap_uintILi3EES_ILi13EEPA12_S_ILi16EERN3hls6streamI13fadc_h_1671' is power-on initialization.
WARNING: [RTGEN 206-101] Register 'p_ZZ16hcal_cluster_hls7ap_uintILi3EES_ILi13EEPA12_S_ILi16EERN3hls6streamI13fadc_h_1672' is power-on initialization.
WARNING: [RTGEN 206-101] Register 'p_ZZ16hcal_cluster_hls7ap_uintILi3EES_ILi13EEPA12_S_ILi16EERN3hls6streamI13fadc_h_1133' is power-on initialization.
WARNING: [RTGEN 206-101] Register 'p_ZZ16hcal_cluster_hls7ap_uintILi3EES_ILi13EEPA12_S_ILi16EERN3hls6streamI13fadc_h_1134' is power-on initialization.
WARNING: [RTGEN 206-101] Register 'p_ZZ16hcal_cluster_hls7ap_uintILi3EES_ILi13EEPA12_S_ILi16EERN3hls6streamI13fadc_h_1675' is power-on initialization.
WARNING: [RTGEN 206-101] Register 'p_ZZ16hcal_cluster_hls7ap_uintILi3EES_ILi13EEPA12_S_ILi16EERN3hls6streamI13fadc_h_1676' is power-on initialization.
WARNING: [RTGEN 206-101] Register 'p_ZZ16hcal_cluster_hls7ap_uintILi3EES_ILi13EEPA12_S_ILi16EERN3hls6streamI13fadc_h_1137' is power-on initialization.
WARNING: [RTGEN 206-101] Register 'p_ZZ16hcal_cluster_hls7ap_uintILi3EES_ILi13EEPA12_S_ILi16EERN3hls6streamI13fadc_h_1138' is power-on initialization.
WARNING: [RTGEN 206-101] Register 'p_ZZ16hcal_cluster_hls7ap_uintILi3EES_ILi13EEPA12_S_ILi16EERN3hls6streamI13fadc_h_1677' is power-on initialization.
WARNING: [RTGEN 206-101] Register 'p_ZZ16hcal_cluster_hls7ap_uintILi3EES_ILi13EEPA12_S_ILi16EERN3hls6streamI13fadc_h_1678' is power-on initialization.
WARNING: [RTGEN 206-101] Register 'p_ZZ16hcal_cluster_hls7ap_uintILi3EES_ILi13EEPA12_S_ILi16EERN3hls6streamI13fadc_h_1139' is power-on initialization.
WARNING: [RTGEN 206-101] Register 'p_ZZ16hcal_cluster_hls7ap_uintILi3EES_ILi13EEPA12_S_ILi16EERN3hls6streamI13fadc_h_1140' is power-on initialization.
WARNING: [RTGEN 206-101] Register 'p_ZZ16hcal_cluster_hls7ap_uintILi3EES_ILi13EEPA12_S_ILi16EERN3hls6streamI13fadc_h_1679' is power-on initialization.
WARNING: [RTGEN 206-101] Register 'p_ZZ16hcal_cluster_hls7ap_uintILi3EES_ILi13EEPA12_S_ILi16EERN3hls6streamI13fadc_h_1680' is power-on initialization.
WARNING: [RTGEN 206-101] Register 'p_ZZ16hcal_cluster_hls7ap_uintILi3EES_ILi13EEPA12_S_ILi16EERN3hls6streamI13fadc_h_1141' is power-on initialization.
WARNING: [RTGEN 206-101] Register 'p_ZZ16hcal_cluster_hls7ap_uintILi3EES_ILi13EEPA12_S_ILi16EERN3hls6streamI13fadc_h_1142' is power-on initialization.
WARNING: [RTGEN 206-101] Register 'p_ZZ16hcal_cluster_hls7ap_uintILi3EES_ILi13EEPA12_S_ILi16EERN3hls6streamI13fadc_h_1681' is power-on initialization.
WARNING: [RTGEN 206-101] Register 'p_ZZ16hcal_cluster_hls7ap_uintILi3EES_ILi13EEPA12_S_ILi16EERN3hls6streamI13fadc_h_1682' is power-on initialization.
WARNING: [RTGEN 206-101] Register 'p_ZZ16hcal_cluster_hls7ap_uintILi3EES_ILi13EEPA12_S_ILi16EERN3hls6streamI13fadc_h_1143' is power-on initialization.
WARNING: [RTGEN 206-101] Register 'p_ZZ16hcal_cluster_hls7ap_uintILi3EES_ILi13EEPA12_S_ILi16EERN3hls6streamI13fadc_h_1144' is power-on initialization.
WARNING: [RTGEN 206-101] Register 'p_ZZ16hcal_cluster_hls7ap_uintILi3EES_ILi13EEPA12_S_ILi16EERN3hls6streamI13fadc_h_1683' is power-on initialization.
WARNING: [RTGEN 206-101] Register 'p_ZZ16hcal_cluster_hls7ap_uintILi3EES_ILi13EEPA12_S_ILi16EERN3hls6streamI13fadc_h_1684' is power-on initialization.
WARNING: [RTGEN 206-101] Register 'p_ZZ16hcal_cluster_hls7ap_uintILi3EES_ILi13EEPA12_S_ILi16EERN3hls6streamI13fadc_h_1145' is power-on initialization.
WARNING: [RTGEN 206-101] Register 'p_ZZ16hcal_cluster_hls7ap_uintILi3EES_ILi13EEPA12_S_ILi16EERN3hls6streamI13fadc_h_1146' is power-on initialization.
WARNING: [RTGEN 206-101] Register 'p_ZZ16hcal_cluster_hls7ap_uintILi3EES_ILi13EEPA12_S_ILi16EERN3hls6streamI13fadc_h_1685' is power-on initialization.
WARNING: [RTGEN 206-101] Register 'p_ZZ16hcal_cluster_hls7ap_uintILi3EES_ILi13EEPA12_S_ILi16EERN3hls6streamI13fadc_h_1686' is power-on initialization.
WARNING: [RTGEN 206-101] Register 'p_ZZ16hcal_cluster_hls7ap_uintILi3EES_ILi13EEPA12_S_ILi16EERN3hls6streamI13fadc_h_1147' is power-on initialization.
WARNING: [RTGEN 206-101] Register 'p_ZZ16hcal_cluster_hls7ap_uintILi3EES_ILi13EEPA12_S_ILi16EERN3hls6streamI13fadc_h_1148' is power-on initialization.
WARNING: [RTGEN 206-101] Register 'p_ZZ16hcal_cluster_hls7ap_uintILi3EES_ILi13EEPA12_S_ILi16EERN3hls6streamI13fadc_h_1687' is power-on initialization.
WARNING: [RTGEN 206-101] Register 'p_ZZ16hcal_cluster_hls7ap_uintILi3EES_ILi13EEPA12_S_ILi16EERN3hls6streamI13fadc_h_1688' is power-on initialization.
WARNING: [RTGEN 206-101] Register 'p_ZZ16hcal_cluster_hls7ap_uintILi3EES_ILi13EEPA12_S_ILi16EERN3hls6streamI13fadc_h_1149' is power-on initialization.
WARNING: [RTGEN 206-101] Register 'p_ZZ16hcal_cluster_hls7ap_uintILi3EES_ILi13EEPA12_S_ILi16EERN3hls6streamI13fadc_h_1150' is power-on initialization.
WARNING: [RTGEN 206-101] Register 'p_ZZ16hcal_cluster_hls7ap_uintILi3EES_ILi13EEPA12_S_ILi16EERN3hls6streamI13fadc_h_1693' is power-on initialization.
WARNING: [RTGEN 206-101] Register 'p_ZZ16hcal_cluster_hls7ap_uintILi3EES_ILi13EEPA12_S_ILi16EERN3hls6streamI13fadc_h_1694' is power-on initialization.
WARNING: [RTGEN 206-101] Register 'p_ZZ16hcal_cluster_hls7ap_uintILi3EES_ILi13EEPA12_S_ILi16EERN3hls6streamI13fadc_h_1155' is power-on initialization.
WARNING: [RTGEN 206-101] Register 'p_ZZ16hcal_cluster_hls7ap_uintILi3EES_ILi13EEPA12_S_ILi16EERN3hls6streamI13fadc_h_1156' is power-on initialization.
WARNING: [RTGEN 206-101] Register 'p_ZZ16hcal_cluster_hls7ap_uintILi3EES_ILi13EEPA12_S_ILi16EERN3hls6streamI13fadc_h_1659' is power-on initialization.
WARNING: [RTGEN 206-101] Register 'p_ZZ16hcal_cluster_hls7ap_uintILi3EES_ILi13EEPA12_S_ILi16EERN3hls6streamI13fadc_h_1660' is power-on initialization.
WARNING: [RTGEN 206-101] Register 'p_ZZ16hcal_cluster_hls7ap_uintILi3EES_ILi13EEPA12_S_ILi16EERN3hls6streamI13fadc_h_1121' is power-on initialization.
WARNING: [RTGEN 206-101] Register 'p_ZZ16hcal_cluster_hls7ap_uintILi3EES_ILi13EEPA12_S_ILi16EERN3hls6streamI13fadc_h_1122' is power-on initialization.
WARNING: [RTGEN 206-101] Register 'p_ZZ16hcal_cluster_hls7ap_uintILi3EES_ILi13EEPA12_S_ILi16EERN3hls6streamI13fadc_h_1703' is power-on initialization.
WARNING: [RTGEN 206-101] Register 'p_ZZ16hcal_cluster_hls7ap_uintILi3EES_ILi13EEPA12_S_ILi16EERN3hls6streamI13fadc_h_1704' is power-on initialization.
WARNING: [RTGEN 206-101] Register 'p_ZZ16hcal_cluster_hls7ap_uintILi3EES_ILi13EEPA12_S_ILi16EERN3hls6streamI13fadc_h_1165' is power-on initialization.
WARNING: [RTGEN 206-101] Register 'p_ZZ16hcal_cluster_hls7ap_uintILi3EES_ILi13EEPA12_S_ILi16EERN3hls6streamI13fadc_h_1166' is power-on initialization.
WARNING: [RTGEN 206-101] Register 'p_ZZ16hcal_cluster_hls7ap_uintILi3EES_ILi13EEPA12_S_ILi16EERN3hls6streamI13fadc_h_1739' is power-on initialization.
WARNING: [RTGEN 206-101] Register 'p_ZZ16hcal_cluster_hls7ap_uintILi3EES_ILi13EEPA12_S_ILi16EERN3hls6streamI13fadc_h_1740' is power-on initialization.
WARNING: [RTGEN 206-101] Register 'p_ZZ16hcal_cluster_hls7ap_uintILi3EES_ILi13EEPA12_S_ILi16EERN3hls6streamI13fadc_h_1201' is power-on initialization.
WARNING: [RTGEN 206-101] Register 'p_ZZ16hcal_cluster_hls7ap_uintILi3EES_ILi13EEPA12_S_ILi16EERN3hls6streamI13fadc_h_1202' is power-on initialization.
WARNING: [RTGEN 206-101] Register 'p_ZZ16hcal_cluster_hls7ap_uintILi3EES_ILi13EEPA12_S_ILi16EERN3hls6streamI13fadc_h_1707' is power-on initialization.
WARNING: [RTGEN 206-101] Register 'p_ZZ16hcal_cluster_hls7ap_uintILi3EES_ILi13EEPA12_S_ILi16EERN3hls6streamI13fadc_h_1708' is power-on initialization.
WARNING: [RTGEN 206-101] Register 'p_ZZ16hcal_cluster_hls7ap_uintILi3EES_ILi13EEPA12_S_ILi16EERN3hls6streamI13fadc_h_1169' is power-on initialization.
WARNING: [RTGEN 206-101] Register 'p_ZZ16hcal_cluster_hls7ap_uintILi3EES_ILi13EEPA12_S_ILi16EERN3hls6streamI13fadc_h_1170' is power-on initialization.
WARNING: [RTGEN 206-101] Register 'p_ZZ16hcal_cluster_hls7ap_uintILi3EES_ILi13EEPA12_S_ILi16EERN3hls6streamI13fadc_h_1663' is power-on initialization.
WARNING: [RTGEN 206-101] Register 'p_ZZ16hcal_cluster_hls7ap_uintILi3EES_ILi13EEPA12_S_ILi16EERN3hls6streamI13fadc_h_1664' is power-on initialization.
WARNING: [RTGEN 206-101] Register 'p_ZZ16hcal_cluster_hls7ap_uintILi3EES_ILi13EEPA12_S_ILi16EERN3hls6streamI13fadc_h_1125' is power-on initialization.
WARNING: [RTGEN 206-101] Register 'p_ZZ16hcal_cluster_hls7ap_uintILi3EES_ILi13EEPA12_S_ILi16EERN3hls6streamI13fadc_h_1126' is power-on initialization.
WARNING: [RTGEN 206-101] Register 'p_ZZ16hcal_cluster_hls7ap_uintILi3EES_ILi13EEPA12_S_ILi16EERN3hls6streamI13fadc_h_1743' is power-on initialization.
WARNING: [RTGEN 206-101] Register 'p_ZZ16hcal_cluster_hls7ap_uintILi3EES_ILi13EEPA12_S_ILi16EERN3hls6streamI13fadc_h_1744' is power-on initialization.
WARNING: [RTGEN 206-101] Register 'p_ZZ16hcal_cluster_hls7ap_uintILi3EES_ILi13EEPA12_S_ILi16EERN3hls6streamI13fadc_h_1205' is power-on initialization.
WARNING: [RTGEN 206-101] Register 'p_ZZ16hcal_cluster_hls7ap_uintILi3EES_ILi13EEPA12_S_ILi16EERN3hls6streamI13fadc_h_1206' is power-on initialization.
WARNING: [RTGEN 206-101] Register 'p_ZZ16hcal_cluster_hls7ap_uintILi3EES_ILi13EEPA12_S_ILi16EERN3hls6streamI13fadc_h_1661' is power-on initialization.
WARNING: [RTGEN 206-101] Register 'p_ZZ16hcal_cluster_hls7ap_uintILi3EES_ILi13EEPA12_S_ILi16EERN3hls6streamI13fadc_h_1662' is power-on initialization.
WARNING: [RTGEN 206-101] Register 'p_ZZ16hcal_cluster_hls7ap_uintILi3EES_ILi13EEPA12_S_ILi16EERN3hls6streamI13fadc_h_1123' is power-on initialization.
WARNING: [RTGEN 206-101] Register 'p_ZZ16hcal_cluster_hls7ap_uintILi3EES_ILi13EEPA12_S_ILi16EERN3hls6streamI13fadc_h_1124' is power-on initialization.
WARNING: [RTGEN 206-101] Register 'p_ZZ16hcal_cluster_hls7ap_uintILi3EES_ILi13EEPA12_S_ILi16EERN3hls6streamI13fadc_h_1725' is power-on initialization.
WARNING: [RTGEN 206-101] Register 'p_ZZ16hcal_cluster_hls7ap_uintILi3EES_ILi13EEPA12_S_ILi16EERN3hls6streamI13fadc_h_1726' is power-on initialization.
WARNING: [RTGEN 206-101] Register 'p_ZZ16hcal_cluster_hls7ap_uintILi3EES_ILi13EEPA12_S_ILi16EERN3hls6streamI13fadc_h_1187' is power-on initialization.
WARNING: [RTGEN 206-101] Register 'p_ZZ16hcal_cluster_hls7ap_uintILi3EES_ILi13EEPA12_S_ILi16EERN3hls6streamI13fadc_h_1188' is power-on initialization.
WARNING: [RTGEN 206-101] Register 'p_ZZ16hcal_cluster_hls7ap_uintILi3EES_ILi13EEPA12_S_ILi16EERN3hls6streamI13fadc_h_1735' is power-on initialization.
WARNING: [RTGEN 206-101] Register 'p_ZZ16hcal_cluster_hls7ap_uintILi3EES_ILi13EEPA12_S_ILi16EERN3hls6streamI13fadc_h_1736' is power-on initialization.
WARNING: [RTGEN 206-101] Register 'p_ZZ16hcal_cluster_hls7ap_uintILi3EES_ILi13EEPA12_S_ILi16EERN3hls6streamI13fadc_h_1197' is power-on initialization.
WARNING: [RTGEN 206-101] Register 'p_ZZ16hcal_cluster_hls7ap_uintILi3EES_ILi13EEPA12_S_ILi16EERN3hls6streamI13fadc_h_1198' is power-on initialization.
WARNING: [RTGEN 206-101] Register 'p_ZZ16hcal_cluster_hls7ap_uintILi3EES_ILi13EEPA12_S_ILi16EERN3hls6streamI13fadc_h_1761' is power-on initialization.
WARNING: [RTGEN 206-101] Register 'p_ZZ16hcal_cluster_hls7ap_uintILi3EES_ILi13EEPA12_S_ILi16EERN3hls6streamI13fadc_h_1762' is power-on initialization.
WARNING: [RTGEN 206-101] Register 'p_ZZ16hcal_cluster_hls7ap_uintILi3EES_ILi13EEPA12_S_ILi16EERN3hls6streamI13fadc_h_1223' is power-on initialization.
WARNING: [RTGEN 206-101] Register 'p_ZZ16hcal_cluster_hls7ap_uintILi3EES_ILi13EEPA12_S_ILi16EERN3hls6streamI13fadc_h_1224' is power-on initialization.
WARNING: [RTGEN 206-101] Register 'p_ZZ16hcal_cluster_hls7ap_uintILi3EES_ILi13EEPA12_S_ILi16EERN3hls6streamI13fadc_h_1705' is power-on initialization.
WARNING: [RTGEN 206-101] Register 'p_ZZ16hcal_cluster_hls7ap_uintILi3EES_ILi13EEPA12_S_ILi16EERN3hls6streamI13fadc_h_1706' is power-on initialization.
WARNING: [RTGEN 206-101] Register 'p_ZZ16hcal_cluster_hls7ap_uintILi3EES_ILi13EEPA12_S_ILi16EERN3hls6streamI13fadc_h_1167' is power-on initialization.
WARNING: [RTGEN 206-101] Register 'p_ZZ16hcal_cluster_hls7ap_uintILi3EES_ILi13EEPA12_S_ILi16EERN3hls6streamI13fadc_h_1168' is power-on initialization.
WARNING: [RTGEN 206-101] Register 'p_ZZ16hcal_cluster_hls7ap_uintILi3EES_ILi13EEPA12_S_ILi16EERN3hls6streamI13fadc_h_1741' is power-on initialization.
WARNING: [RTGEN 206-101] Register 'p_ZZ16hcal_cluster_hls7ap_uintILi3EES_ILi13EEPA12_S_ILi16EERN3hls6streamI13fadc_h_1742' is power-on initialization.
WARNING: [RTGEN 206-101] Register 'p_ZZ16hcal_cluster_hls7ap_uintILi3EES_ILi13EEPA12_S_ILi16EERN3hls6streamI13fadc_h_1203' is power-on initialization.
WARNING: [RTGEN 206-101] Register 'p_ZZ16hcal_cluster_hls7ap_uintILi3EES_ILi13EEPA12_S_ILi16EERN3hls6streamI13fadc_h_1204' is power-on initialization.
WARNING: [RTGEN 206-101] Register 'p_ZZ16hcal_cluster_hls7ap_uintILi3EES_ILi13EEPA12_S_ILi16EERN3hls6streamI13fadc_h_1709' is power-on initialization.
WARNING: [RTGEN 206-101] Register 'p_ZZ16hcal_cluster_hls7ap_uintILi3EES_ILi13EEPA12_S_ILi16EERN3hls6streamI13fadc_h_1710' is power-on initialization.
WARNING: [RTGEN 206-101] Register 'p_ZZ16hcal_cluster_hls7ap_uintILi3EES_ILi13EEPA12_S_ILi16EERN3hls6streamI13fadc_h_1171' is power-on initialization.
WARNING: [RTGEN 206-101] Register 'p_ZZ16hcal_cluster_hls7ap_uintILi3EES_ILi13EEPA12_S_ILi16EERN3hls6streamI13fadc_h_1172' is power-on initialization.
WARNING: [RTGEN 206-101] Register 'p_ZZ16hcal_cluster_hls7ap_uintILi3EES_ILi13EEPA12_S_ILi16EERN3hls6streamI13fadc_h_1665' is power-on initialization.
WARNING: [RTGEN 206-101] Register 'p_ZZ16hcal_cluster_hls7ap_uintILi3EES_ILi13EEPA12_S_ILi16EERN3hls6streamI13fadc_h_1666' is power-on initialization.
WARNING: [RTGEN 206-101] Register 'p_ZZ16hcal_cluster_hls7ap_uintILi3EES_ILi13EEPA12_S_ILi16EERN3hls6streamI13fadc_h_1127' is power-on initialization.
WARNING: [RTGEN 206-101] Register 'p_ZZ16hcal_cluster_hls7ap_uintILi3EES_ILi13EEPA12_S_ILi16EERN3hls6streamI13fadc_h_1128' is power-on initialization.
WARNING: [RTGEN 206-101] Register 'p_ZZ16hcal_cluster_hls7ap_uintILi3EES_ILi13EEPA12_S_ILi16EERN3hls6streamI13fadc_h_1745' is power-on initialization.
WARNING: [RTGEN 206-101] Register 'p_ZZ16hcal_cluster_hls7ap_uintILi3EES_ILi13EEPA12_S_ILi16EERN3hls6streamI13fadc_h_1746' is power-on initialization.
WARNING: [RTGEN 206-101] Register 'p_ZZ16hcal_cluster_hls7ap_uintILi3EES_ILi13EEPA12_S_ILi16EERN3hls6streamI13fadc_h_1207' is power-on initialization.
WARNING: [RTGEN 206-101] Register 'p_ZZ16hcal_cluster_hls7ap_uintILi3EES_ILi13EEPA12_S_ILi16EERN3hls6streamI13fadc_h_1208' is power-on initialization.
WARNING: [RTGEN 206-101] Register 'p_ZZ16hcal_cluster_hls7ap_uintILi3EES_ILi13EEPA12_S_ILi16EERN3hls6streamI13fadc_h_1713' is power-on initialization.
WARNING: [RTGEN 206-101] Register 'p_ZZ16hcal_cluster_hls7ap_uintILi3EES_ILi13EEPA12_S_ILi16EERN3hls6streamI13fadc_h_1714' is power-on initialization.
WARNING: [RTGEN 206-101] Register 'p_ZZ16hcal_cluster_hls7ap_uintILi3EES_ILi13EEPA12_S_ILi16EERN3hls6streamI13fadc_h_1175' is power-on initialization.
WARNING: [RTGEN 206-101] Register 'p_ZZ16hcal_cluster_hls7ap_uintILi3EES_ILi13EEPA12_S_ILi16EERN3hls6streamI13fadc_h_1176' is power-on initialization.
WARNING: [RTGEN 206-101] Register 'p_ZZ16hcal_cluster_hls7ap_uintILi3EES_ILi13EEPA12_S_ILi16EERN3hls6streamI13fadc_h_1695' is power-on initialization.
WARNING: [RTGEN 206-101] Register 'p_ZZ16hcal_cluster_hls7ap_uintILi3EES_ILi13EEPA12_S_ILi16EERN3hls6streamI13fadc_h_1696' is power-on initialization.
WARNING: [RTGEN 206-101] Register 'p_ZZ16hcal_cluster_hls7ap_uintILi3EES_ILi13EEPA12_S_ILi16EERN3hls6streamI13fadc_h_1157' is power-on initialization.
WARNING: [RTGEN 206-101] Register 'p_ZZ16hcal_cluster_hls7ap_uintILi3EES_ILi13EEPA12_S_ILi16EERN3hls6streamI13fadc_h_1158' is power-on initialization.
WARNING: [RTGEN 206-101] Register 'p_ZZ16hcal_cluster_hls7ap_uintILi3EES_ILi13EEPA12_S_ILi16EERN3hls6streamI13fadc_h_1747' is power-on initialization.
WARNING: [RTGEN 206-101] Register 'p_ZZ16hcal_cluster_hls7ap_uintILi3EES_ILi13EEPA12_S_ILi16EERN3hls6streamI13fadc_h_1748' is power-on initialization.
WARNING: [RTGEN 206-101] Register 'p_ZZ16hcal_cluster_hls7ap_uintILi3EES_ILi13EEPA12_S_ILi16EERN3hls6streamI13fadc_h_1209' is power-on initialization.
WARNING: [RTGEN 206-101] Register 'p_ZZ16hcal_cluster_hls7ap_uintILi3EES_ILi13EEPA12_S_ILi16EERN3hls6streamI13fadc_h_1210' is power-on initialization.
WARNING: [RTGEN 206-101] Register 'p_ZZ16hcal_cluster_hls7ap_uintILi3EES_ILi13EEPA12_S_ILi16EERN3hls6streamI13fadc_h_1715' is power-on initialization.
WARNING: [RTGEN 206-101] Register 'p_ZZ16hcal_cluster_hls7ap_uintILi3EES_ILi13EEPA12_S_ILi16EERN3hls6streamI13fadc_h_1716' is power-on initialization.
WARNING: [RTGEN 206-101] Register 'p_ZZ16hcal_cluster_hls7ap_uintILi3EES_ILi13EEPA12_S_ILi16EERN3hls6streamI13fadc_h_1177' is power-on initialization.
WARNING: [RTGEN 206-101] Register 'p_ZZ16hcal_cluster_hls7ap_uintILi3EES_ILi13EEPA12_S_ILi16EERN3hls6streamI13fadc_h_1178' is power-on initialization.
WARNING: [RTGEN 206-101] Register 'p_ZZ16hcal_cluster_hls7ap_uintILi3EES_ILi13EEPA12_S_ILi16EERN3hls6streamI13fadc_h_1697' is power-on initialization.
WARNING: [RTGEN 206-101] Register 'p_ZZ16hcal_cluster_hls7ap_uintILi3EES_ILi13EEPA12_S_ILi16EERN3hls6streamI13fadc_h_1698' is power-on initialization.
WARNING: [RTGEN 206-101] Register 'p_ZZ16hcal_cluster_hls7ap_uintILi3EES_ILi13EEPA12_S_ILi16EERN3hls6streamI13fadc_h_1159' is power-on initialization.
WARNING: [RTGEN 206-101] Register 'p_ZZ16hcal_cluster_hls7ap_uintILi3EES_ILi13EEPA12_S_ILi16EERN3hls6streamI13fadc_h_1160' is power-on initialization.
WARNING: [RTGEN 206-101] Register 'p_ZZ16hcal_cluster_hls7ap_uintILi3EES_ILi13EEPA12_S_ILi16EERN3hls6streamI13fadc_h_1749' is power-on initialization.
WARNING: [RTGEN 206-101] Register 'p_ZZ16hcal_cluster_hls7ap_uintILi3EES_ILi13EEPA12_S_ILi16EERN3hls6streamI13fadc_h_1750' is power-on initialization.
WARNING: [RTGEN 206-101] Register 'p_ZZ16hcal_cluster_hls7ap_uintILi3EES_ILi13EEPA12_S_ILi16EERN3hls6streamI13fadc_h_1211' is power-on initialization.
WARNING: [RTGEN 206-101] Register 'p_ZZ16hcal_cluster_hls7ap_uintILi3EES_ILi13EEPA12_S_ILi16EERN3hls6streamI13fadc_h_1212' is power-on initialization.
WARNING: [RTGEN 206-101] Register 'p_ZZ16hcal_cluster_hls7ap_uintILi3EES_ILi13EEPA12_S_ILi16EERN3hls6streamI13fadc_h_1717' is power-on initialization.
WARNING: [RTGEN 206-101] Register 'p_ZZ16hcal_cluster_hls7ap_uintILi3EES_ILi13EEPA12_S_ILi16EERN3hls6streamI13fadc_h_1718' is power-on initialization.
WARNING: [RTGEN 206-101] Register 'p_ZZ16hcal_cluster_hls7ap_uintILi3EES_ILi13EEPA12_S_ILi16EERN3hls6streamI13fadc_h_1179' is power-on initialization.
WARNING: [RTGEN 206-101] Register 'p_ZZ16hcal_cluster_hls7ap_uintILi3EES_ILi13EEPA12_S_ILi16EERN3hls6streamI13fadc_h_1180' is power-on initialization.
WARNING: [RTGEN 206-101] Register 'p_ZZ16hcal_cluster_hls7ap_uintILi3EES_ILi13EEPA12_S_ILi16EERN3hls6streamI13fadc_h_1719' is power-on initialization.
WARNING: [RTGEN 206-101] Register 'p_ZZ16hcal_cluster_hls7ap_uintILi3EES_ILi13EEPA12_S_ILi16EERN3hls6streamI13fadc_h_1720' is power-on initialization.
WARNING: [RTGEN 206-101] Register 'p_ZZ16hcal_cluster_hls7ap_uintILi3EES_ILi13EEPA12_S_ILi16EERN3hls6streamI13fadc_h_1181' is power-on initialization.
WARNING: [RTGEN 206-101] Register 'p_ZZ16hcal_cluster_hls7ap_uintILi3EES_ILi13EEPA12_S_ILi16EERN3hls6streamI13fadc_h_1182' is power-on initialization.
WARNING: [RTGEN 206-101] Register 'p_ZZ16hcal_cluster_hls7ap_uintILi3EES_ILi13EEPA12_S_ILi16EERN3hls6streamI13fadc_h_1721' is power-on initialization.
WARNING: [RTGEN 206-101] Register 'p_ZZ16hcal_cluster_hls7ap_uintILi3EES_ILi13EEPA12_S_ILi16EERN3hls6streamI13fadc_h_1722' is power-on initialization.
WARNING: [RTGEN 206-101] Register 'p_ZZ16hcal_cluster_hls7ap_uintILi3EES_ILi13EEPA12_S_ILi16EERN3hls6streamI13fadc_h_1183' is power-on initialization.
WARNING: [RTGEN 206-101] Register 'p_ZZ16hcal_cluster_hls7ap_uintILi3EES_ILi13EEPA12_S_ILi16EERN3hls6streamI13fadc_h_1184' is power-on initialization.
WARNING: [RTGEN 206-101] Register 'p_ZZ16hcal_cluster_hls7ap_uintILi3EES_ILi13EEPA12_S_ILi16EERN3hls6streamI13fadc_h_1723' is power-on initialization.
WARNING: [RTGEN 206-101] Register 'p_ZZ16hcal_cluster_hls7ap_uintILi3EES_ILi13EEPA12_S_ILi16EERN3hls6streamI13fadc_h_1724' is power-on initialization.
WARNING: [RTGEN 206-101] Register 'p_ZZ16hcal_cluster_hls7ap_uintILi3EES_ILi13EEPA12_S_ILi16EERN3hls6streamI13fadc_h_1185' is power-on initialization.
WARNING: [RTGEN 206-101] Register 'p_ZZ16hcal_cluster_hls7ap_uintILi3EES_ILi13EEPA12_S_ILi16EERN3hls6streamI13fadc_h_1186' is power-on initialization.
WARNING: [RTGEN 206-101] Register 'p_ZZ16hcal_cluster_hls7ap_uintILi3EES_ILi13EEPA12_S_ILi16EERN3hls6streamI13fadc_h_1727' is power-on initialization.
WARNING: [RTGEN 206-101] Register 'p_ZZ16hcal_cluster_hls7ap_uintILi3EES_ILi13EEPA12_S_ILi16EERN3hls6streamI13fadc_h_1728' is power-on initialization.
WARNING: [RTGEN 206-101] Register 'p_ZZ16hcal_cluster_hls7ap_uintILi3EES_ILi13EEPA12_S_ILi16EERN3hls6streamI13fadc_h_1189' is power-on initialization.
WARNING: [RTGEN 206-101] Register 'p_ZZ16hcal_cluster_hls7ap_uintILi3EES_ILi13EEPA12_S_ILi16EERN3hls6streamI13fadc_h_1190' is power-on initialization.
WARNING: [RTGEN 206-101] Register 'p_ZZ16hcal_cluster_hls7ap_uintILi3EES_ILi13EEPA12_S_ILi16EERN3hls6streamI13fadc_h_1699' is power-on initialization.
WARNING: [RTGEN 206-101] Register 'p_ZZ16hcal_cluster_hls7ap_uintILi3EES_ILi13EEPA12_S_ILi16EERN3hls6streamI13fadc_h_1700' is power-on initialization.
WARNING: [RTGEN 206-101] Register 'p_ZZ16hcal_cluster_hls7ap_uintILi3EES_ILi13EEPA12_S_ILi16EERN3hls6streamI13fadc_h_1161' is power-on initialization.
WARNING: [RTGEN 206-101] Register 'p_ZZ16hcal_cluster_hls7ap_uintILi3EES_ILi13EEPA12_S_ILi16EERN3hls6streamI13fadc_h_1162' is power-on initialization.
WARNING: [RTGEN 206-101] Register 'p_ZZ16hcal_cluster_hls7ap_uintILi3EES_ILi13EEPA12_S_ILi16EERN3hls6streamI13fadc_h_1751' is power-on initialization.
WARNING: [RTGEN 206-101] Register 'p_ZZ16hcal_cluster_hls7ap_uintILi3EES_ILi13EEPA12_S_ILi16EERN3hls6streamI13fadc_h_1752' is power-on initialization.
WARNING: [RTGEN 206-101] Register 'p_ZZ16hcal_cluster_hls7ap_uintILi3EES_ILi13EEPA12_S_ILi16EERN3hls6streamI13fadc_h_1213' is power-on initialization.
WARNING: [RTGEN 206-101] Register 'p_ZZ16hcal_cluster_hls7ap_uintILi3EES_ILi13EEPA12_S_ILi16EERN3hls6streamI13fadc_h_1214' is power-on initialization.
WARNING: [RTGEN 206-101] Register 'p_ZZ16hcal_cluster_hls7ap_uintILi3EES_ILi13EEPA12_S_ILi16EERN3hls6streamI13fadc_h_1701' is power-on initialization.
WARNING: [RTGEN 206-101] Register 'p_ZZ16hcal_cluster_hls7ap_uintILi3EES_ILi13EEPA12_S_ILi16EERN3hls6streamI13fadc_h_1702' is power-on initialization.
WARNING: [RTGEN 206-101] Register 'p_ZZ16hcal_cluster_hls7ap_uintILi3EES_ILi13EEPA12_S_ILi16EERN3hls6streamI13fadc_h_1163' is power-on initialization.
WARNING: [RTGEN 206-101] Register 'p_ZZ16hcal_cluster_hls7ap_uintILi3EES_ILi13EEPA12_S_ILi16EERN3hls6streamI13fadc_h_1164' is power-on initialization.
WARNING: [RTGEN 206-101] Register 'p_ZZ16hcal_cluster_hls7ap_uintILi3EES_ILi13EEPA12_S_ILi16EERN3hls6streamI13fadc_h_1753' is power-on initialization.
WARNING: [RTGEN 206-101] Register 'p_ZZ16hcal_cluster_hls7ap_uintILi3EES_ILi13EEPA12_S_ILi16EERN3hls6streamI13fadc_h_1754' is power-on initialization.
WARNING: [RTGEN 206-101] Register 'p_ZZ16hcal_cluster_hls7ap_uintILi3EES_ILi13EEPA12_S_ILi16EERN3hls6streamI13fadc_h_1215' is power-on initialization.
WARNING: [RTGEN 206-101] Register 'p_ZZ16hcal_cluster_hls7ap_uintILi3EES_ILi13EEPA12_S_ILi16EERN3hls6streamI13fadc_h_1216' is power-on initialization.
WARNING: [RTGEN 206-101] Register 'p_ZZ16hcal_cluster_hls7ap_uintILi3EES_ILi13EEPA12_S_ILi16EERN3hls6streamI13fadc_h_1729' is power-on initialization.
WARNING: [RTGEN 206-101] Register 'p_ZZ16hcal_cluster_hls7ap_uintILi3EES_ILi13EEPA12_S_ILi16EERN3hls6streamI13fadc_h_1730' is power-on initialization.
WARNING: [RTGEN 206-101] Register 'p_ZZ16hcal_cluster_hls7ap_uintILi3EES_ILi13EEPA12_S_ILi16EERN3hls6streamI13fadc_h_1191' is power-on initialization.
WARNING: [RTGEN 206-101] Register 'p_ZZ16hcal_cluster_hls7ap_uintILi3EES_ILi13EEPA12_S_ILi16EERN3hls6streamI13fadc_h_1192' is power-on initialization.
WARNING: [RTGEN 206-101] Register 'p_ZZ16hcal_cluster_hls7ap_uintILi3EES_ILi13EEPA12_S_ILi16EERN3hls6streamI13fadc_h_1757' is power-on initialization.
WARNING: [RTGEN 206-101] Register 'p_ZZ16hcal_cluster_hls7ap_uintILi3EES_ILi13EEPA12_S_ILi16EERN3hls6streamI13fadc_h_1758' is power-on initialization.
WARNING: [RTGEN 206-101] Register 'p_ZZ16hcal_cluster_hls7ap_uintILi3EES_ILi13EEPA12_S_ILi16EERN3hls6streamI13fadc_h_1219' is power-on initialization.
WARNING: [RTGEN 206-101] Register 'p_ZZ16hcal_cluster_hls7ap_uintILi3EES_ILi13EEPA12_S_ILi16EERN3hls6streamI13fadc_h_1220' is power-on initialization.
WARNING: [RTGEN 206-101] Register 'p_ZZ16hcal_cluster_hls7ap_uintILi3EES_ILi13EEPA12_S_ILi16EERN3hls6streamI13fadc_h_1731' is power-on initialization.
WARNING: [RTGEN 206-101] Register 'p_ZZ16hcal_cluster_hls7ap_uintILi3EES_ILi13EEPA12_S_ILi16EERN3hls6streamI13fadc_h_1732' is power-on initialization.
WARNING: [RTGEN 206-101] Register 'p_ZZ16hcal_cluster_hls7ap_uintILi3EES_ILi13EEPA12_S_ILi16EERN3hls6streamI13fadc_h_1193' is power-on initialization.
WARNING: [RTGEN 206-101] Register 'p_ZZ16hcal_cluster_hls7ap_uintILi3EES_ILi13EEPA12_S_ILi16EERN3hls6streamI13fadc_h_1194' is power-on initialization.
WARNING: [RTGEN 206-101] Register 'p_ZZ16hcal_cluster_hls7ap_uintILi3EES_ILi13EEPA12_S_ILi16EERN3hls6streamI13fadc_h_1759' is power-on initialization.
WARNING: [RTGEN 206-101] Register 'p_ZZ16hcal_cluster_hls7ap_uintILi3EES_ILi13EEPA12_S_ILi16EERN3hls6streamI13fadc_h_1760' is power-on initialization.
WARNING: [RTGEN 206-101] Register 'p_ZZ16hcal_cluster_hls7ap_uintILi3EES_ILi13EEPA12_S_ILi16EERN3hls6streamI13fadc_h_1221' is power-on initialization.
WARNING: [RTGEN 206-101] Register 'p_ZZ16hcal_cluster_hls7ap_uintILi3EES_ILi13EEPA12_S_ILi16EERN3hls6streamI13fadc_h_1222' is power-on initialization.
WARNING: [RTGEN 206-101] Register 'p_ZZ16hcal_cluster_hls7ap_uintILi3EES_ILi13EEPA12_S_ILi16EERN3hls6streamI13fadc_h_1737' is power-on initialization.
WARNING: [RTGEN 206-101] Register 'p_ZZ16hcal_cluster_hls7ap_uintILi3EES_ILi13EEPA12_S_ILi16EERN3hls6streamI13fadc_h_1738' is power-on initialization.
WARNING: [RTGEN 206-101] Register 'p_ZZ16hcal_cluster_hls7ap_uintILi3EES_ILi13EEPA12_S_ILi16EERN3hls6streamI13fadc_h_1199' is power-on initialization.
WARNING: [RTGEN 206-101] Register 'p_ZZ16hcal_cluster_hls7ap_uintILi3EES_ILi13EEPA12_S_ILi16EERN3hls6streamI13fadc_h_1200' is power-on initialization.
WARNING: [RTGEN 206-101] Register 'p_ZZ16hcal_cluster_hls7ap_uintILi3EES_ILi13EEPA12_S_ILi16EERN3hls6streamI13fadc_h_1763' is power-on initialization.
WARNING: [RTGEN 206-101] Register 'p_ZZ16hcal_cluster_hls7ap_uintILi3EES_ILi13EEPA12_S_ILi16EERN3hls6streamI13fadc_h_1764' is power-on initialization.
WARNING: [RTGEN 206-101] Register 'p_ZZ16hcal_cluster_hls7ap_uintILi3EES_ILi13EEPA12_S_ILi16EERN3hls6streamI13fadc_h_1225' is power-on initialization.
WARNING: [RTGEN 206-101] Register 'p_ZZ16hcal_cluster_hls7ap_uintILi3EES_ILi13EEPA12_S_ILi16EERN3hls6streamI13fadc_h_1226' is power-on initialization.
WARNING: [RTGEN 206-101] Register 'p_ZZ16hcal_cluster_hls7ap_uintILi3EES_ILi13EEPA12_S_ILi16EERN3hls6streamI13fadc_h_1773' is power-on initialization.
WARNING: [RTGEN 206-101] Register 'p_ZZ16hcal_cluster_hls7ap_uintILi3EES_ILi13EEPA12_S_ILi16EERN3hls6streamI13fadc_h_1774' is power-on initialization.
WARNING: [RTGEN 206-101] Register 'p_ZZ16hcal_cluster_hls7ap_uintILi3EES_ILi13EEPA12_S_ILi16EERN3hls6streamI13fadc_h_1235' is power-on initialization.
WARNING: [RTGEN 206-101] Register 'p_ZZ16hcal_cluster_hls7ap_uintILi3EES_ILi13EEPA12_S_ILi16EERN3hls6streamI13fadc_h_1236' is power-on initialization.
WARNING: [RTGEN 206-101] Register 'p_ZZ16hcal_cluster_hls7ap_uintILi3EES_ILi13EEPA12_S_ILi16EERN3hls6streamI13fadc_h_1779' is power-on initialization.
WARNING: [RTGEN 206-101] Register 'p_ZZ16hcal_cluster_hls7ap_uintILi3EES_ILi13EEPA12_S_ILi16EERN3hls6streamI13fadc_h_1780' is power-on initialization.
WARNING: [RTGEN 206-101] Register 'p_ZZ16hcal_cluster_hls7ap_uintILi3EES_ILi13EEPA12_S_ILi16EERN3hls6streamI13fadc_h_1241' is power-on initialization.
WARNING: [RTGEN 206-101] Register 'p_ZZ16hcal_cluster_hls7ap_uintILi3EES_ILi13EEPA12_S_ILi16EERN3hls6streamI13fadc_h_1242' is power-on initialization.
WARNING: [RTGEN 206-101] Register 'p_ZZ16hcal_cluster_hls7ap_uintILi3EES_ILi13EEPA12_S_ILi16EERN3hls6streamI13fadc_h_1795' is power-on initialization.
WARNING: [RTGEN 206-101] Register 'p_ZZ16hcal_cluster_hls7ap_uintILi3EES_ILi13EEPA12_S_ILi16EERN3hls6streamI13fadc_h_1796' is power-on initialization.
WARNING: [RTGEN 206-101] Register 'p_ZZ16hcal_cluster_hls7ap_uintILi3EES_ILi13EEPA12_S_ILi16EERN3hls6streamI13fadc_h_1257' is power-on initialization.
WARNING: [RTGEN 206-101] Register 'p_ZZ16hcal_cluster_hls7ap_uintILi3EES_ILi13EEPA12_S_ILi16EERN3hls6streamI13fadc_h_1258' is power-on initialization.
WARNING: [RTGEN 206-101] Register 'p_ZZ16hcal_cluster_hls7ap_uintILi3EES_ILi13EEPA12_S_ILi16EERN3hls6streamI13fadc_h_1775' is power-on initialization.
WARNING: [RTGEN 206-101] Register 'p_ZZ16hcal_cluster_hls7ap_uintILi3EES_ILi13EEPA12_S_ILi16EERN3hls6streamI13fadc_h_1776' is power-on initialization.
WARNING: [RTGEN 206-101] Register 'p_ZZ16hcal_cluster_hls7ap_uintILi3EES_ILi13EEPA12_S_ILi16EERN3hls6streamI13fadc_h_1237' is power-on initialization.
WARNING: [RTGEN 206-101] Register 'p_ZZ16hcal_cluster_hls7ap_uintILi3EES_ILi13EEPA12_S_ILi16EERN3hls6streamI13fadc_h_1238' is power-on initialization.
WARNING: [RTGEN 206-101] Register 'p_ZZ16hcal_cluster_hls7ap_uintILi3EES_ILi13EEPA12_S_ILi16EERN3hls6streamI13fadc_h_1781' is power-on initialization.
WARNING: [RTGEN 206-101] Register 'p_ZZ16hcal_cluster_hls7ap_uintILi3EES_ILi13EEPA12_S_ILi16EERN3hls6streamI13fadc_h_1782' is power-on initialization.
WARNING: [RTGEN 206-101] Register 'p_ZZ16hcal_cluster_hls7ap_uintILi3EES_ILi13EEPA12_S_ILi16EERN3hls6streamI13fadc_h_1243' is power-on initialization.
WARNING: [RTGEN 206-101] Register 'p_ZZ16hcal_cluster_hls7ap_uintILi3EES_ILi13EEPA12_S_ILi16EERN3hls6streamI13fadc_h_1244' is power-on initialization.
WARNING: [RTGEN 206-101] Register 'p_ZZ16hcal_cluster_hls7ap_uintILi3EES_ILi13EEPA12_S_ILi16EERN3hls6streamI13fadc_h_1783' is power-on initialization.
WARNING: [RTGEN 206-101] Register 'p_ZZ16hcal_cluster_hls7ap_uintILi3EES_ILi13EEPA12_S_ILi16EERN3hls6streamI13fadc_h_1784' is power-on initialization.
WARNING: [RTGEN 206-101] Register 'p_ZZ16hcal_cluster_hls7ap_uintILi3EES_ILi13EEPA12_S_ILi16EERN3hls6streamI13fadc_h_1245' is power-on initialization.
WARNING: [RTGEN 206-101] Register 'p_ZZ16hcal_cluster_hls7ap_uintILi3EES_ILi13EEPA12_S_ILi16EERN3hls6streamI13fadc_h_1246' is power-on initialization.
WARNING: [RTGEN 206-101] Register 'p_ZZ16hcal_cluster_hls7ap_uintILi3EES_ILi13EEPA12_S_ILi16EERN3hls6streamI13fadc_h_1785' is power-on initialization.
WARNING: [RTGEN 206-101] Register 'p_ZZ16hcal_cluster_hls7ap_uintILi3EES_ILi13EEPA12_S_ILi16EERN3hls6streamI13fadc_h_1786' is power-on initialization.
WARNING: [RTGEN 206-101] Register 'p_ZZ16hcal_cluster_hls7ap_uintILi3EES_ILi13EEPA12_S_ILi16EERN3hls6streamI13fadc_h_1247' is power-on initialization.
WARNING: [RTGEN 206-101] Register 'p_ZZ16hcal_cluster_hls7ap_uintILi3EES_ILi13EEPA12_S_ILi16EERN3hls6streamI13fadc_h_1248' is power-on initialization.
WARNING: [RTGEN 206-101] Register 'p_ZZ16hcal_cluster_hls7ap_uintILi3EES_ILi13EEPA12_S_ILi16EERN3hls6streamI13fadc_h_1787' is power-on initialization.
WARNING: [RTGEN 206-101] Register 'p_ZZ16hcal_cluster_hls7ap_uintILi3EES_ILi13EEPA12_S_ILi16EERN3hls6streamI13fadc_h_1788' is power-on initialization.
WARNING: [RTGEN 206-101] Register 'p_ZZ16hcal_cluster_hls7ap_uintILi3EES_ILi13EEPA12_S_ILi16EERN3hls6streamI13fadc_h_1249' is power-on initialization.
WARNING: [RTGEN 206-101] Register 'p_ZZ16hcal_cluster_hls7ap_uintILi3EES_ILi13EEPA12_S_ILi16EERN3hls6streamI13fadc_h_1250' is power-on initialization.
WARNING: [RTGEN 206-101] Register 'p_ZZ16hcal_cluster_hls7ap_uintILi3EES_ILi13EEPA12_S_ILi16EERN3hls6streamI13fadc_h_1789' is power-on initialization.
WARNING: [RTGEN 206-101] Register 'p_ZZ16hcal_cluster_hls7ap_uintILi3EES_ILi13EEPA12_S_ILi16EERN3hls6streamI13fadc_h_1790' is power-on initialization.
WARNING: [RTGEN 206-101] Register 'p_ZZ16hcal_cluster_hls7ap_uintILi3EES_ILi13EEPA12_S_ILi16EERN3hls6streamI13fadc_h_1251' is power-on initialization.
WARNING: [RTGEN 206-101] Register 'p_ZZ16hcal_cluster_hls7ap_uintILi3EES_ILi13EEPA12_S_ILi16EERN3hls6streamI13fadc_h_1252' is power-on initialization.
WARNING: [RTGEN 206-101] Register 'p_ZZ16hcal_cluster_hls7ap_uintILi3EES_ILi13EEPA12_S_ILi16EERN3hls6streamI13fadc_h_1791' is power-on initialization.
WARNING: [RTGEN 206-101] Register 'p_ZZ16hcal_cluster_hls7ap_uintILi3EES_ILi13EEPA12_S_ILi16EERN3hls6streamI13fadc_h_1792' is power-on initialization.
WARNING: [RTGEN 206-101] Register 'p_ZZ16hcal_cluster_hls7ap_uintILi3EES_ILi13EEPA12_S_ILi16EERN3hls6streamI13fadc_h_1253' is power-on initialization.
WARNING: [RTGEN 206-101] Register 'p_ZZ16hcal_cluster_hls7ap_uintILi3EES_ILi13EEPA12_S_ILi16EERN3hls6streamI13fadc_h_1254' is power-on initialization.
WARNING: [RTGEN 206-101] Register 'p_ZZ16hcal_cluster_hls7ap_uintILi3EES_ILi13EEPA12_S_ILi16EERN3hls6streamI13fadc_h_1793' is power-on initialization.
WARNING: [RTGEN 206-101] Register 'p_ZZ16hcal_cluster_hls7ap_uintILi3EES_ILi13EEPA12_S_ILi16EERN3hls6streamI13fadc_h_1794' is power-on initialization.
WARNING: [RTGEN 206-101] Register 'p_ZZ16hcal_cluster_hls7ap_uintILi3EES_ILi13EEPA12_S_ILi16EERN3hls6streamI13fadc_h_1255' is power-on initialization.
WARNING: [RTGEN 206-101] Register 'p_ZZ16hcal_cluster_hls7ap_uintILi3EES_ILi13EEPA12_S_ILi16EERN3hls6streamI13fadc_h_1256' is power-on initialization.
WARNING: [RTGEN 206-101] Register 'p_ZZ16hcal_cluster_hls7ap_uintILi3EES_ILi13EEPA12_S_ILi16EERN3hls6streamI13fadc_h_1797' is power-on initialization.
WARNING: [RTGEN 206-101] Register 'p_ZZ16hcal_cluster_hls7ap_uintILi3EES_ILi13EEPA12_S_ILi16EERN3hls6streamI13fadc_h_1798' is power-on initialization.
WARNING: [RTGEN 206-101] Register 'p_ZZ16hcal_cluster_hls7ap_uintILi3EES_ILi13EEPA12_S_ILi16EERN3hls6streamI13fadc_h_1259' is power-on initialization.
WARNING: [RTGEN 206-101] Register 'p_ZZ16hcal_cluster_hls7ap_uintILi3EES_ILi13EEPA12_S_ILi16EERN3hls6streamI13fadc_h_1260' is power-on initialization.
WARNING: [RTGEN 206-101] Register 'p_ZZ16hcal_cluster_hls7ap_uintILi3EES_ILi13EEPA12_S_ILi16EERN3hls6streamI13fadc_h_1765' is power-on initialization.
WARNING: [RTGEN 206-101] Register 'p_ZZ16hcal_cluster_hls7ap_uintILi3EES_ILi13EEPA12_S_ILi16EERN3hls6streamI13fadc_h_1766' is power-on initialization.
WARNING: [RTGEN 206-101] Register 'p_ZZ16hcal_cluster_hls7ap_uintILi3EES_ILi13EEPA12_S_ILi16EERN3hls6streamI13fadc_h_1227' is power-on initialization.
WARNING: [RTGEN 206-101] Register 'p_ZZ16hcal_cluster_hls7ap_uintILi3EES_ILi13EEPA12_S_ILi16EERN3hls6streamI13fadc_h_1228' is power-on initialization.
WARNING: [RTGEN 206-101] Register 'p_ZZ16hcal_cluster_hls7ap_uintILi3EES_ILi13EEPA12_S_ILi16EERN3hls6streamI13fadc_h_1807' is power-on initialization.
WARNING: [RTGEN 206-101] Register 'p_ZZ16hcal_cluster_hls7ap_uintILi3EES_ILi13EEPA12_S_ILi16EERN3hls6streamI13fadc_h_1808' is power-on initialization.
WARNING: [RTGEN 206-101] Register 'p_ZZ16hcal_cluster_hls7ap_uintILi3EES_ILi13EEPA12_S_ILi16EERN3hls6streamI13fadc_h_1269' is power-on initialization.
WARNING: [RTGEN 206-101] Register 'p_ZZ16hcal_cluster_hls7ap_uintILi3EES_ILi13EEPA12_S_ILi16EERN3hls6streamI13fadc_h_1270' is power-on initialization.
WARNING: [RTGEN 206-101] Register 'p_ZZ16hcal_cluster_hls7ap_uintILi3EES_ILi13EEPA12_S_ILi16EERN3hls6streamI13fadc_h_1843' is power-on initialization.
WARNING: [RTGEN 206-101] Register 'p_ZZ16hcal_cluster_hls7ap_uintILi3EES_ILi13EEPA12_S_ILi16EERN3hls6streamI13fadc_h_1844' is power-on initialization.
WARNING: [RTGEN 206-101] Register 'p_ZZ16hcal_cluster_hls7ap_uintILi3EES_ILi13EEPA12_S_ILi16EERN3hls6streamI13fadc_h_1305' is power-on initialization.
WARNING: [RTGEN 206-101] Register 'p_ZZ16hcal_cluster_hls7ap_uintILi3EES_ILi13EEPA12_S_ILi16EERN3hls6streamI13fadc_h_1306' is power-on initialization.
WARNING: [RTGEN 206-101] Register 'p_ZZ16hcal_cluster_hls7ap_uintILi3EES_ILi13EEPA12_S_ILi16EERN3hls6streamI13fadc_h_1811' is power-on initialization.
WARNING: [RTGEN 206-101] Register 'p_ZZ16hcal_cluster_hls7ap_uintILi3EES_ILi13EEPA12_S_ILi16EERN3hls6streamI13fadc_h_1812' is power-on initialization.
WARNING: [RTGEN 206-101] Register 'p_ZZ16hcal_cluster_hls7ap_uintILi3EES_ILi13EEPA12_S_ILi16EERN3hls6streamI13fadc_h_1273' is power-on initialization.
WARNING: [RTGEN 206-101] Register 'p_ZZ16hcal_cluster_hls7ap_uintILi3EES_ILi13EEPA12_S_ILi16EERN3hls6streamI13fadc_h_1274' is power-on initialization.
WARNING: [RTGEN 206-101] Register 'p_ZZ16hcal_cluster_hls7ap_uintILi3EES_ILi13EEPA12_S_ILi16EERN3hls6streamI13fadc_h_1769' is power-on initialization.
WARNING: [RTGEN 206-101] Register 'p_ZZ16hcal_cluster_hls7ap_uintILi3EES_ILi13EEPA12_S_ILi16EERN3hls6streamI13fadc_h_1770' is power-on initialization.
WARNING: [RTGEN 206-101] Register 'p_ZZ16hcal_cluster_hls7ap_uintILi3EES_ILi13EEPA12_S_ILi16EERN3hls6streamI13fadc_h_1231' is power-on initialization.
WARNING: [RTGEN 206-101] Register 'p_ZZ16hcal_cluster_hls7ap_uintILi3EES_ILi13EEPA12_S_ILi16EERN3hls6streamI13fadc_h_1232' is power-on initialization.
WARNING: [RTGEN 206-101] Register 'p_ZZ16hcal_cluster_hls7ap_uintILi3EES_ILi13EEPA12_S_ILi16EERN3hls6streamI13fadc_h_1847' is power-on initialization.
WARNING: [RTGEN 206-101] Register 'p_ZZ16hcal_cluster_hls7ap_uintILi3EES_ILi13EEPA12_S_ILi16EERN3hls6streamI13fadc_h_1848' is power-on initialization.
WARNING: [RTGEN 206-101] Register 'p_ZZ16hcal_cluster_hls7ap_uintILi3EES_ILi13EEPA12_S_ILi16EERN3hls6streamI13fadc_h_1309' is power-on initialization.
WARNING: [RTGEN 206-101] Register 'p_ZZ16hcal_cluster_hls7ap_uintILi3EES_ILi13EEPA12_S_ILi16EERN3hls6streamI13fadc_h_1310' is power-on initialization.
WARNING: [RTGEN 206-101] Register 'p_ZZ16hcal_cluster_hls7ap_uintILi3EES_ILi13EEPA12_S_ILi16EERN3hls6streamI13fadc_h_1767' is power-on initialization.
WARNING: [RTGEN 206-101] Register 'p_ZZ16hcal_cluster_hls7ap_uintILi3EES_ILi13EEPA12_S_ILi16EERN3hls6streamI13fadc_h_1768' is power-on initialization.
WARNING: [RTGEN 206-101] Register 'p_ZZ16hcal_cluster_hls7ap_uintILi3EES_ILi13EEPA12_S_ILi16EERN3hls6streamI13fadc_h_1229' is power-on initialization.
WARNING: [RTGEN 206-101] Register 'p_ZZ16hcal_cluster_hls7ap_uintILi3EES_ILi13EEPA12_S_ILi16EERN3hls6streamI13fadc_h_1230' is power-on initialization.
WARNING: [RTGEN 206-101] Register 'p_ZZ16hcal_cluster_hls7ap_uintILi3EES_ILi13EEPA12_S_ILi16EERN3hls6streamI13fadc_h_1829' is power-on initialization.
WARNING: [RTGEN 206-101] Register 'p_ZZ16hcal_cluster_hls7ap_uintILi3EES_ILi13EEPA12_S_ILi16EERN3hls6streamI13fadc_h_1830' is power-on initialization.
WARNING: [RTGEN 206-101] Register 'p_ZZ16hcal_cluster_hls7ap_uintILi3EES_ILi13EEPA12_S_ILi16EERN3hls6streamI13fadc_h_1291' is power-on initialization.
WARNING: [RTGEN 206-101] Register 'p_ZZ16hcal_cluster_hls7ap_uintILi3EES_ILi13EEPA12_S_ILi16EERN3hls6streamI13fadc_h_1292' is power-on initialization.
WARNING: [RTGEN 206-101] Register 'p_ZZ16hcal_cluster_hls7ap_uintILi3EES_ILi13EEPA12_S_ILi16EERN3hls6streamI13fadc_h_1837' is power-on initialization.
WARNING: [RTGEN 206-101] Register 'p_ZZ16hcal_cluster_hls7ap_uintILi3EES_ILi13EEPA12_S_ILi16EERN3hls6streamI13fadc_h_1838' is power-on initialization.
WARNING: [RTGEN 206-101] Register 'p_ZZ16hcal_cluster_hls7ap_uintILi3EES_ILi13EEPA12_S_ILi16EERN3hls6streamI13fadc_h_1299' is power-on initialization.
WARNING: [RTGEN 206-101] Register 'p_ZZ16hcal_cluster_hls7ap_uintILi3EES_ILi13EEPA12_S_ILi16EERN3hls6streamI13fadc_h_1300' is power-on initialization.
WARNING: [RTGEN 206-101] Register 'p_ZZ16hcal_cluster_hls7ap_uintILi3EES_ILi13EEPA12_S_ILi16EERN3hls6streamI13fadc_h_1865' is power-on initialization.
WARNING: [RTGEN 206-101] Register 'p_ZZ16hcal_cluster_hls7ap_uintILi3EES_ILi13EEPA12_S_ILi16EERN3hls6streamI13fadc_h_1866' is power-on initialization.
WARNING: [RTGEN 206-101] Register 'p_ZZ16hcal_cluster_hls7ap_uintILi3EES_ILi13EEPA12_S_ILi16EERN3hls6streamI13fadc_h_1327' is power-on initialization.
WARNING: [RTGEN 206-101] Register 'p_ZZ16hcal_cluster_hls7ap_uintILi3EES_ILi13EEPA12_S_ILi16EERN3hls6streamI13fadc_h_1328' is power-on initialization.
WARNING: [RTGEN 206-101] Register 'p_ZZ16hcal_cluster_hls7ap_uintILi3EES_ILi13EEPA12_S_ILi16EERN3hls6streamI13fadc_h_1809' is power-on initialization.
WARNING: [RTGEN 206-101] Register 'p_ZZ16hcal_cluster_hls7ap_uintILi3EES_ILi13EEPA12_S_ILi16EERN3hls6streamI13fadc_h_1810' is power-on initialization.
WARNING: [RTGEN 206-101] Register 'p_ZZ16hcal_cluster_hls7ap_uintILi3EES_ILi13EEPA12_S_ILi16EERN3hls6streamI13fadc_h_1271' is power-on initialization.
WARNING: [RTGEN 206-101] Register 'p_ZZ16hcal_cluster_hls7ap_uintILi3EES_ILi13EEPA12_S_ILi16EERN3hls6streamI13fadc_h_1272' is power-on initialization.
WARNING: [RTGEN 206-101] Register 'p_ZZ16hcal_cluster_hls7ap_uintILi3EES_ILi13EEPA12_S_ILi16EERN3hls6streamI13fadc_h_1845' is power-on initialization.
WARNING: [RTGEN 206-101] Register 'p_ZZ16hcal_cluster_hls7ap_uintILi3EES_ILi13EEPA12_S_ILi16EERN3hls6streamI13fadc_h_1846' is power-on initialization.
WARNING: [RTGEN 206-101] Register 'p_ZZ16hcal_cluster_hls7ap_uintILi3EES_ILi13EEPA12_S_ILi16EERN3hls6streamI13fadc_h_1307' is power-on initialization.
WARNING: [RTGEN 206-101] Register 'p_ZZ16hcal_cluster_hls7ap_uintILi3EES_ILi13EEPA12_S_ILi16EERN3hls6streamI13fadc_h_1308' is power-on initialization.
WARNING: [RTGEN 206-101] Register 'p_ZZ16hcal_cluster_hls7ap_uintILi3EES_ILi13EEPA12_S_ILi16EERN3hls6streamI13fadc_h_1813' is power-on initialization.
WARNING: [RTGEN 206-101] Register 'p_ZZ16hcal_cluster_hls7ap_uintILi3EES_ILi13EEPA12_S_ILi16EERN3hls6streamI13fadc_h_1814' is power-on initialization.
WARNING: [RTGEN 206-101] Register 'p_ZZ16hcal_cluster_hls7ap_uintILi3EES_ILi13EEPA12_S_ILi16EERN3hls6streamI13fadc_h_1275' is power-on initialization.
WARNING: [RTGEN 206-101] Register 'p_ZZ16hcal_cluster_hls7ap_uintILi3EES_ILi13EEPA12_S_ILi16EERN3hls6streamI13fadc_h_1276' is power-on initialization.
WARNING: [RTGEN 206-101] Register 'p_ZZ16hcal_cluster_hls7ap_uintILi3EES_ILi13EEPA12_S_ILi16EERN3hls6streamI13fadc_h_1771' is power-on initialization.
WARNING: [RTGEN 206-101] Register 'p_ZZ16hcal_cluster_hls7ap_uintILi3EES_ILi13EEPA12_S_ILi16EERN3hls6streamI13fadc_h_1772' is power-on initialization.
WARNING: [RTGEN 206-101] Register 'p_ZZ16hcal_cluster_hls7ap_uintILi3EES_ILi13EEPA12_S_ILi16EERN3hls6streamI13fadc_h_1233' is power-on initialization.
WARNING: [RTGEN 206-101] Register 'p_ZZ16hcal_cluster_hls7ap_uintILi3EES_ILi13EEPA12_S_ILi16EERN3hls6streamI13fadc_h_1234' is power-on initialization.
WARNING: [RTGEN 206-101] Register 'p_ZZ16hcal_cluster_hls7ap_uintILi3EES_ILi13EEPA12_S_ILi16EERN3hls6streamI13fadc_h_1849' is power-on initialization.
WARNING: [RTGEN 206-101] Register 'p_ZZ16hcal_cluster_hls7ap_uintILi3EES_ILi13EEPA12_S_ILi16EERN3hls6streamI13fadc_h_1850' is power-on initialization.
WARNING: [RTGEN 206-101] Register 'p_ZZ16hcal_cluster_hls7ap_uintILi3EES_ILi13EEPA12_S_ILi16EERN3hls6streamI13fadc_h_1311' is power-on initialization.
WARNING: [RTGEN 206-101] Register 'p_ZZ16hcal_cluster_hls7ap_uintILi3EES_ILi13EEPA12_S_ILi16EERN3hls6streamI13fadc_h_1312' is power-on initialization.
WARNING: [RTGEN 206-101] Register 'p_ZZ16hcal_cluster_hls7ap_uintILi3EES_ILi13EEPA12_S_ILi16EERN3hls6streamI13fadc_h_1815' is power-on initialization.
WARNING: [RTGEN 206-101] Register 'p_ZZ16hcal_cluster_hls7ap_uintILi3EES_ILi13EEPA12_S_ILi16EERN3hls6streamI13fadc_h_1816' is power-on initialization.
WARNING: [RTGEN 206-101] Register 'p_ZZ16hcal_cluster_hls7ap_uintILi3EES_ILi13EEPA12_S_ILi16EERN3hls6streamI13fadc_h_1277' is power-on initialization.
WARNING: [RTGEN 206-101] Register 'p_ZZ16hcal_cluster_hls7ap_uintILi3EES_ILi13EEPA12_S_ILi16EERN3hls6streamI13fadc_h_1278' is power-on initialization.
WARNING: [RTGEN 206-101] Register 'p_ZZ16hcal_cluster_hls7ap_uintILi3EES_ILi13EEPA12_S_ILi16EERN3hls6streamI13fadc_h_1799' is power-on initialization.
WARNING: [RTGEN 206-101] Register 'p_ZZ16hcal_cluster_hls7ap_uintILi3EES_ILi13EEPA12_S_ILi16EERN3hls6streamI13fadc_h_1800' is power-on initialization.
WARNING: [RTGEN 206-101] Register 'p_ZZ16hcal_cluster_hls7ap_uintILi3EES_ILi13EEPA12_S_ILi16EERN3hls6streamI13fadc_h_1261' is power-on initialization.
WARNING: [RTGEN 206-101] Register 'p_ZZ16hcal_cluster_hls7ap_uintILi3EES_ILi13EEPA12_S_ILi16EERN3hls6streamI13fadc_h_1262' is power-on initialization.
WARNING: [RTGEN 206-101] Register 'p_ZZ16hcal_cluster_hls7ap_uintILi3EES_ILi13EEPA12_S_ILi16EERN3hls6streamI13fadc_h_1851' is power-on initialization.
WARNING: [RTGEN 206-101] Register 'p_ZZ16hcal_cluster_hls7ap_uintILi3EES_ILi13EEPA12_S_ILi16EERN3hls6streamI13fadc_h_1852' is power-on initialization.
WARNING: [RTGEN 206-101] Register 'p_ZZ16hcal_cluster_hls7ap_uintILi3EES_ILi13EEPA12_S_ILi16EERN3hls6streamI13fadc_h_1313' is power-on initialization.
WARNING: [RTGEN 206-101] Register 'p_ZZ16hcal_cluster_hls7ap_uintILi3EES_ILi13EEPA12_S_ILi16EERN3hls6streamI13fadc_h_1314' is power-on initialization.
WARNING: [RTGEN 206-101] Register 'p_ZZ16hcal_cluster_hls7ap_uintILi3EES_ILi13EEPA12_S_ILi16EERN3hls6streamI13fadc_h_1817' is power-on initialization.
WARNING: [RTGEN 206-101] Register 'p_ZZ16hcal_cluster_hls7ap_uintILi3EES_ILi13EEPA12_S_ILi16EERN3hls6streamI13fadc_h_1818' is power-on initialization.
WARNING: [RTGEN 206-101] Register 'p_ZZ16hcal_cluster_hls7ap_uintILi3EES_ILi13EEPA12_S_ILi16EERN3hls6streamI13fadc_h_1279' is power-on initialization.
WARNING: [RTGEN 206-101] Register 'p_ZZ16hcal_cluster_hls7ap_uintILi3EES_ILi13EEPA12_S_ILi16EERN3hls6streamI13fadc_h_1280' is power-on initialization.
WARNING: [RTGEN 206-101] Register 'p_ZZ16hcal_cluster_hls7ap_uintILi3EES_ILi13EEPA12_S_ILi16EERN3hls6streamI13fadc_h_1801' is power-on initialization.
WARNING: [RTGEN 206-101] Register 'p_ZZ16hcal_cluster_hls7ap_uintILi3EES_ILi13EEPA12_S_ILi16EERN3hls6streamI13fadc_h_1802' is power-on initialization.
WARNING: [RTGEN 206-101] Register 'p_ZZ16hcal_cluster_hls7ap_uintILi3EES_ILi13EEPA12_S_ILi16EERN3hls6streamI13fadc_h_1263' is power-on initialization.
WARNING: [RTGEN 206-101] Register 'p_ZZ16hcal_cluster_hls7ap_uintILi3EES_ILi13EEPA12_S_ILi16EERN3hls6streamI13fadc_h_1264' is power-on initialization.
WARNING: [RTGEN 206-101] Register 'p_ZZ16hcal_cluster_hls7ap_uintILi3EES_ILi13EEPA12_S_ILi16EERN3hls6streamI13fadc_h_1853' is power-on initialization.
WARNING: [RTGEN 206-101] Register 'p_ZZ16hcal_cluster_hls7ap_uintILi3EES_ILi13EEPA12_S_ILi16EERN3hls6streamI13fadc_h_1854' is power-on initialization.
WARNING: [RTGEN 206-101] Register 'p_ZZ16hcal_cluster_hls7ap_uintILi3EES_ILi13EEPA12_S_ILi16EERN3hls6streamI13fadc_h_1315' is power-on initialization.
WARNING: [RTGEN 206-101] Register 'p_ZZ16hcal_cluster_hls7ap_uintILi3EES_ILi13EEPA12_S_ILi16EERN3hls6streamI13fadc_h_1316' is power-on initialization.
WARNING: [RTGEN 206-101] Register 'p_ZZ16hcal_cluster_hls7ap_uintILi3EES_ILi13EEPA12_S_ILi16EERN3hls6streamI13fadc_h_1821' is power-on initialization.
WARNING: [RTGEN 206-101] Register 'p_ZZ16hcal_cluster_hls7ap_uintILi3EES_ILi13EEPA12_S_ILi16EERN3hls6streamI13fadc_h_1822' is power-on initialization.
WARNING: [RTGEN 206-101] Register 'p_ZZ16hcal_cluster_hls7ap_uintILi3EES_ILi13EEPA12_S_ILi16EERN3hls6streamI13fadc_h_1283' is power-on initialization.
WARNING: [RTGEN 206-101] Register 'p_ZZ16hcal_cluster_hls7ap_uintILi3EES_ILi13EEPA12_S_ILi16EERN3hls6streamI13fadc_h_1284' is power-on initialization.
WARNING: [RTGEN 206-101] Register 'p_ZZ16hcal_cluster_hls7ap_uintILi3EES_ILi13EEPA12_S_ILi16EERN3hls6streamI13fadc_h_1823' is power-on initialization.
WARNING: [RTGEN 206-101] Register 'p_ZZ16hcal_cluster_hls7ap_uintILi3EES_ILi13EEPA12_S_ILi16EERN3hls6streamI13fadc_h_1824' is power-on initialization.
WARNING: [RTGEN 206-101] Register 'p_ZZ16hcal_cluster_hls7ap_uintILi3EES_ILi13EEPA12_S_ILi16EERN3hls6streamI13fadc_h_1285' is power-on initialization.
WARNING: [RTGEN 206-101] Register 'p_ZZ16hcal_cluster_hls7ap_uintILi3EES_ILi13EEPA12_S_ILi16EERN3hls6streamI13fadc_h_1286' is power-on initialization.
WARNING: [RTGEN 206-101] Register 'p_ZZ16hcal_cluster_hls7ap_uintILi3EES_ILi13EEPA12_S_ILi16EERN3hls6streamI13fadc_h_1825' is power-on initialization.
WARNING: [RTGEN 206-101] Register 'p_ZZ16hcal_cluster_hls7ap_uintILi3EES_ILi13EEPA12_S_ILi16EERN3hls6streamI13fadc_h_1826' is power-on initialization.
WARNING: [RTGEN 206-101] Register 'p_ZZ16hcal_cluster_hls7ap_uintILi3EES_ILi13EEPA12_S_ILi16EERN3hls6streamI13fadc_h_1287' is power-on initialization.
WARNING: [RTGEN 206-101] Register 'p_ZZ16hcal_cluster_hls7ap_uintILi3EES_ILi13EEPA12_S_ILi16EERN3hls6streamI13fadc_h_1288' is power-on initialization.
WARNING: [RTGEN 206-101] Register 'p_ZZ16hcal_cluster_hls7ap_uintILi3EES_ILi13EEPA12_S_ILi16EERN3hls6streamI13fadc_h_1827' is power-on initialization.
WARNING: [RTGEN 206-101] Register 'p_ZZ16hcal_cluster_hls7ap_uintILi3EES_ILi13EEPA12_S_ILi16EERN3hls6streamI13fadc_h_1828' is power-on initialization.
WARNING: [RTGEN 206-101] Register 'p_ZZ16hcal_cluster_hls7ap_uintILi3EES_ILi13EEPA12_S_ILi16EERN3hls6streamI13fadc_h_1289' is power-on initialization.
WARNING: [RTGEN 206-101] Register 'p_ZZ16hcal_cluster_hls7ap_uintILi3EES_ILi13EEPA12_S_ILi16EERN3hls6streamI13fadc_h_1290' is power-on initialization.
WARNING: [RTGEN 206-101] Register 'p_ZZ16hcal_cluster_hls7ap_uintILi3EES_ILi13EEPA12_S_ILi16EERN3hls6streamI13fadc_h_1831' is power-on initialization.
WARNING: [RTGEN 206-101] Register 'p_ZZ16hcal_cluster_hls7ap_uintILi3EES_ILi13EEPA12_S_ILi16EERN3hls6streamI13fadc_h_1832' is power-on initialization.
WARNING: [RTGEN 206-101] Register 'p_ZZ16hcal_cluster_hls7ap_uintILi3EES_ILi13EEPA12_S_ILi16EERN3hls6streamI13fadc_h_1293' is power-on initialization.
WARNING: [RTGEN 206-101] Register 'p_ZZ16hcal_cluster_hls7ap_uintILi3EES_ILi13EEPA12_S_ILi16EERN3hls6streamI13fadc_h_1294' is power-on initialization.
WARNING: [RTGEN 206-101] Register 'p_ZZ16hcal_cluster_hls7ap_uintILi3EES_ILi13EEPA12_S_ILi16EERN3hls6streamI13fadc_h_1803' is power-on initialization.
WARNING: [RTGEN 206-101] Register 'p_ZZ16hcal_cluster_hls7ap_uintILi3EES_ILi13EEPA12_S_ILi16EERN3hls6streamI13fadc_h_1804' is power-on initialization.
WARNING: [RTGEN 206-101] Register 'p_ZZ16hcal_cluster_hls7ap_uintILi3EES_ILi13EEPA12_S_ILi16EERN3hls6streamI13fadc_h_1265' is power-on initialization.
WARNING: [RTGEN 206-101] Register 'p_ZZ16hcal_cluster_hls7ap_uintILi3EES_ILi13EEPA12_S_ILi16EERN3hls6streamI13fadc_h_1266' is power-on initialization.
WARNING: [RTGEN 206-101] Register 'p_ZZ16hcal_cluster_hls7ap_uintILi3EES_ILi13EEPA12_S_ILi16EERN3hls6streamI13fadc_h_1855' is power-on initialization.
WARNING: [RTGEN 206-101] Register 'p_ZZ16hcal_cluster_hls7ap_uintILi3EES_ILi13EEPA12_S_ILi16EERN3hls6streamI13fadc_h_1856' is power-on initialization.
WARNING: [RTGEN 206-101] Register 'p_ZZ16hcal_cluster_hls7ap_uintILi3EES_ILi13EEPA12_S_ILi16EERN3hls6streamI13fadc_h_1317' is power-on initialization.
WARNING: [RTGEN 206-101] Register 'p_ZZ16hcal_cluster_hls7ap_uintILi3EES_ILi13EEPA12_S_ILi16EERN3hls6streamI13fadc_h_1318' is power-on initialization.
WARNING: [RTGEN 206-101] Register 'p_ZZ16hcal_cluster_hls7ap_uintILi3EES_ILi13EEPA12_S_ILi16EERN3hls6streamI13fadc_h_1805' is power-on initialization.
WARNING: [RTGEN 206-101] Register 'p_ZZ16hcal_cluster_hls7ap_uintILi3EES_ILi13EEPA12_S_ILi16EERN3hls6streamI13fadc_h_1806' is power-on initialization.
WARNING: [RTGEN 206-101] Register 'p_ZZ16hcal_cluster_hls7ap_uintILi3EES_ILi13EEPA12_S_ILi16EERN3hls6streamI13fadc_h_1267' is power-on initialization.
WARNING: [RTGEN 206-101] Register 'p_ZZ16hcal_cluster_hls7ap_uintILi3EES_ILi13EEPA12_S_ILi16EERN3hls6streamI13fadc_h_1268' is power-on initialization.
WARNING: [RTGEN 206-101] Register 'p_ZZ16hcal_cluster_hls7ap_uintILi3EES_ILi13EEPA12_S_ILi16EERN3hls6streamI13fadc_h_1857' is power-on initialization.
WARNING: [RTGEN 206-101] Register 'p_ZZ16hcal_cluster_hls7ap_uintILi3EES_ILi13EEPA12_S_ILi16EERN3hls6streamI13fadc_h_1858' is power-on initialization.
WARNING: [RTGEN 206-101] Register 'p_ZZ16hcal_cluster_hls7ap_uintILi3EES_ILi13EEPA12_S_ILi16EERN3hls6streamI13fadc_h_1319' is power-on initialization.
WARNING: [RTGEN 206-101] Register 'p_ZZ16hcal_cluster_hls7ap_uintILi3EES_ILi13EEPA12_S_ILi16EERN3hls6streamI13fadc_h_1320' is power-on initialization.
WARNING: [RTGEN 206-101] Register 'p_ZZ16hcal_cluster_hls7ap_uintILi3EES_ILi13EEPA12_S_ILi16EERN3hls6streamI13fadc_h_1833' is power-on initialization.
WARNING: [RTGEN 206-101] Register 'p_ZZ16hcal_cluster_hls7ap_uintILi3EES_ILi13EEPA12_S_ILi16EERN3hls6streamI13fadc_h_1834' is power-on initialization.
WARNING: [RTGEN 206-101] Register 'p_ZZ16hcal_cluster_hls7ap_uintILi3EES_ILi13EEPA12_S_ILi16EERN3hls6streamI13fadc_h_1295' is power-on initialization.
WARNING: [RTGEN 206-101] Register 'p_ZZ16hcal_cluster_hls7ap_uintILi3EES_ILi13EEPA12_S_ILi16EERN3hls6streamI13fadc_h_1296' is power-on initialization.
WARNING: [RTGEN 206-101] Register 'p_ZZ16hcal_cluster_hls7ap_uintILi3EES_ILi13EEPA12_S_ILi16EERN3hls6streamI13fadc_h_1859' is power-on initialization.
WARNING: [RTGEN 206-101] Register 'p_ZZ16hcal_cluster_hls7ap_uintILi3EES_ILi13EEPA12_S_ILi16EERN3hls6streamI13fadc_h_1860' is power-on initialization.
WARNING: [RTGEN 206-101] Register 'p_ZZ16hcal_cluster_hls7ap_uintILi3EES_ILi13EEPA12_S_ILi16EERN3hls6streamI13fadc_h_1321' is power-on initialization.
WARNING: [RTGEN 206-101] Register 'p_ZZ16hcal_cluster_hls7ap_uintILi3EES_ILi13EEPA12_S_ILi16EERN3hls6streamI13fadc_h_1322' is power-on initialization.
WARNING: [RTGEN 206-101] Register 'p_ZZ16hcal_cluster_hls7ap_uintILi3EES_ILi13EEPA12_S_ILi16EERN3hls6streamI13fadc_h_1835' is power-on initialization.
WARNING: [RTGEN 206-101] Register 'p_ZZ16hcal_cluster_hls7ap_uintILi3EES_ILi13EEPA12_S_ILi16EERN3hls6streamI13fadc_h_1836' is power-on initialization.
WARNING: [RTGEN 206-101] Register 'p_ZZ16hcal_cluster_hls7ap_uintILi3EES_ILi13EEPA12_S_ILi16EERN3hls6streamI13fadc_h_1297' is power-on initialization.
WARNING: [RTGEN 206-101] Register 'p_ZZ16hcal_cluster_hls7ap_uintILi3EES_ILi13EEPA12_S_ILi16EERN3hls6streamI13fadc_h_1298' is power-on initialization.
WARNING: [RTGEN 206-101] Register 'p_ZZ16hcal_cluster_hls7ap_uintILi3EES_ILi13EEPA12_S_ILi16EERN3hls6streamI13fadc_h_1861' is power-on initialization.
WARNING: [RTGEN 206-101] Register 'p_ZZ16hcal_cluster_hls7ap_uintILi3EES_ILi13EEPA12_S_ILi16EERN3hls6streamI13fadc_h_1862' is power-on initialization.
WARNING: [RTGEN 206-101] Register 'p_ZZ16hcal_cluster_hls7ap_uintILi3EES_ILi13EEPA12_S_ILi16EERN3hls6streamI13fadc_h_1323' is power-on initialization.
WARNING: [RTGEN 206-101] Register 'p_ZZ16hcal_cluster_hls7ap_uintILi3EES_ILi13EEPA12_S_ILi16EERN3hls6streamI13fadc_h_1324' is power-on initialization.
WARNING: [RTGEN 206-101] Register 'p_ZZ16hcal_cluster_hls7ap_uintILi3EES_ILi13EEPA12_S_ILi16EERN3hls6streamI13fadc_h_1839' is power-on initialization.
WARNING: [RTGEN 206-101] Register 'p_ZZ16hcal_cluster_hls7ap_uintILi3EES_ILi13EEPA12_S_ILi16EERN3hls6streamI13fadc_h_1840' is power-on initialization.
WARNING: [RTGEN 206-101] Register 'p_ZZ16hcal_cluster_hls7ap_uintILi3EES_ILi13EEPA12_S_ILi16EERN3hls6streamI13fadc_h_1301' is power-on initialization.
WARNING: [RTGEN 206-101] Register 'p_ZZ16hcal_cluster_hls7ap_uintILi3EES_ILi13EEPA12_S_ILi16EERN3hls6streamI13fadc_h_1302' is power-on initialization.
WARNING: [RTGEN 206-101] Register 'p_ZZ16hcal_cluster_hls7ap_uintILi3EES_ILi13EEPA12_S_ILi16EERN3hls6streamI13fadc_h_1867' is power-on initialization.
WARNING: [RTGEN 206-101] Register 'p_ZZ16hcal_cluster_hls7ap_uintILi3EES_ILi13EEPA12_S_ILi16EERN3hls6streamI13fadc_h_1868' is power-on initialization.
WARNING: [RTGEN 206-101] Register 'p_ZZ16hcal_cluster_hls7ap_uintILi3EES_ILi13EEPA12_S_ILi16EERN3hls6streamI13fadc_h_1329' is power-on initialization.
WARNING: [RTGEN 206-101] Register 'p_ZZ16hcal_cluster_hls7ap_uintILi3EES_ILi13EEPA12_S_ILi16EERN3hls6streamI13fadc_h_1330' is power-on initialization.
WARNING: [RTGEN 206-101] Register 'p_ZZ16hcal_cluster_hls7ap_uintILi3EES_ILi13EEPA12_S_ILi16EERN3hls6streamI13fadc_h_1877' is power-on initialization.
WARNING: [RTGEN 206-101] Register 'p_ZZ16hcal_cluster_hls7ap_uintILi3EES_ILi13EEPA12_S_ILi16EERN3hls6streamI13fadc_h_1878' is power-on initialization.
WARNING: [RTGEN 206-101] Register 'p_ZZ16hcal_cluster_hls7ap_uintILi3EES_ILi13EEPA12_S_ILi16EERN3hls6streamI13fadc_h_1339' is power-on initialization.
WARNING: [RTGEN 206-101] Register 'p_ZZ16hcal_cluster_hls7ap_uintILi3EES_ILi13EEPA12_S_ILi16EERN3hls6streamI13fadc_h_1340' is power-on initialization.
WARNING: [RTGEN 206-101] Register 'p_ZZ16hcal_cluster_hls7ap_uintILi3EES_ILi13EEPA12_S_ILi16EERN3hls6streamI13fadc_h_1881' is power-on initialization.
WARNING: [RTGEN 206-101] Register 'p_ZZ16hcal_cluster_hls7ap_uintILi3EES_ILi13EEPA12_S_ILi16EERN3hls6streamI13fadc_h_1882' is power-on initialization.
WARNING: [RTGEN 206-101] Register 'p_ZZ16hcal_cluster_hls7ap_uintILi3EES_ILi13EEPA12_S_ILi16EERN3hls6streamI13fadc_h_1343' is power-on initialization.
WARNING: [RTGEN 206-101] Register 'p_ZZ16hcal_cluster_hls7ap_uintILi3EES_ILi13EEPA12_S_ILi16EERN3hls6streamI13fadc_h_1344' is power-on initialization.
WARNING: [RTGEN 206-101] Register 'p_ZZ16hcal_cluster_hls7ap_uintILi3EES_ILi13EEPA12_S_ILi16EERN3hls6streamI13fadc_h_1899' is power-on initialization.
WARNING: [RTGEN 206-101] Register 'p_ZZ16hcal_cluster_hls7ap_uintILi3EES_ILi13EEPA12_S_ILi16EERN3hls6streamI13fadc_h_1900' is power-on initialization.
WARNING: [RTGEN 206-101] Register 'p_ZZ16hcal_cluster_hls7ap_uintILi3EES_ILi13EEPA12_S_ILi16EERN3hls6streamI13fadc_h_1361' is power-on initialization.
WARNING: [RTGEN 206-101] Register 'p_ZZ16hcal_cluster_hls7ap_uintILi3EES_ILi13EEPA12_S_ILi16EERN3hls6streamI13fadc_h_1362' is power-on initialization.
WARNING: [RTGEN 206-101] Register 'p_ZZ16hcal_cluster_hls7ap_uintILi3EES_ILi13EEPA12_S_ILi16EERN3hls6streamI13fadc_h_1879' is power-on initialization.
WARNING: [RTGEN 206-101] Register 'p_ZZ16hcal_cluster_hls7ap_uintILi3EES_ILi13EEPA12_S_ILi16EERN3hls6streamI13fadc_h_1880' is power-on initialization.
WARNING: [RTGEN 206-101] Register 'p_ZZ16hcal_cluster_hls7ap_uintILi3EES_ILi13EEPA12_S_ILi16EERN3hls6streamI13fadc_h_1341' is power-on initialization.
WARNING: [RTGEN 206-101] Register 'p_ZZ16hcal_cluster_hls7ap_uintILi3EES_ILi13EEPA12_S_ILi16EERN3hls6streamI13fadc_h_1342' is power-on initialization.
WARNING: [RTGEN 206-101] Register 'p_ZZ16hcal_cluster_hls7ap_uintILi3EES_ILi13EEPA12_S_ILi16EERN3hls6streamI13fadc_h_1883' is power-on initialization.
WARNING: [RTGEN 206-101] Register 'p_ZZ16hcal_cluster_hls7ap_uintILi3EES_ILi13EEPA12_S_ILi16EERN3hls6streamI13fadc_h_1884' is power-on initialization.
WARNING: [RTGEN 206-101] Register 'p_ZZ16hcal_cluster_hls7ap_uintILi3EES_ILi13EEPA12_S_ILi16EERN3hls6streamI13fadc_h_1345' is power-on initialization.
WARNING: [RTGEN 206-101] Register 'p_ZZ16hcal_cluster_hls7ap_uintILi3EES_ILi13EEPA12_S_ILi16EERN3hls6streamI13fadc_h_1346' is power-on initialization.
WARNING: [RTGEN 206-101] Register 'p_ZZ16hcal_cluster_hls7ap_uintILi3EES_ILi13EEPA12_S_ILi16EERN3hls6streamI13fadc_h_1887' is power-on initialization.
WARNING: [RTGEN 206-101] Register 'p_ZZ16hcal_cluster_hls7ap_uintILi3EES_ILi13EEPA12_S_ILi16EERN3hls6streamI13fadc_h_1888' is power-on initialization.
WARNING: [RTGEN 206-101] Register 'p_ZZ16hcal_cluster_hls7ap_uintILi3EES_ILi13EEPA12_S_ILi16EERN3hls6streamI13fadc_h_1349' is power-on initialization.
WARNING: [RTGEN 206-101] Register 'p_ZZ16hcal_cluster_hls7ap_uintILi3EES_ILi13EEPA12_S_ILi16EERN3hls6streamI13fadc_h_1350' is power-on initialization.
WARNING: [RTGEN 206-101] Register 'p_ZZ16hcal_cluster_hls7ap_uintILi3EES_ILi13EEPA12_S_ILi16EERN3hls6streamI13fadc_h_1889' is power-on initialization.
WARNING: [RTGEN 206-101] Register 'p_ZZ16hcal_cluster_hls7ap_uintILi3EES_ILi13EEPA12_S_ILi16EERN3hls6streamI13fadc_h_1890' is power-on initialization.
WARNING: [RTGEN 206-101] Register 'p_ZZ16hcal_cluster_hls7ap_uintILi3EES_ILi13EEPA12_S_ILi16EERN3hls6streamI13fadc_h_1351' is power-on initialization.
WARNING: [RTGEN 206-101] Register 'p_ZZ16hcal_cluster_hls7ap_uintILi3EES_ILi13EEPA12_S_ILi16EERN3hls6streamI13fadc_h_1352' is power-on initialization.
WARNING: [RTGEN 206-101] Register 'p_ZZ16hcal_cluster_hls7ap_uintILi3EES_ILi13EEPA12_S_ILi16EERN3hls6streamI13fadc_h_1891' is power-on initialization.
WARNING: [RTGEN 206-101] Register 'p_ZZ16hcal_cluster_hls7ap_uintILi3EES_ILi13EEPA12_S_ILi16EERN3hls6streamI13fadc_h_1892' is power-on initialization.
WARNING: [RTGEN 206-101] Register 'p_ZZ16hcal_cluster_hls7ap_uintILi3EES_ILi13EEPA12_S_ILi16EERN3hls6streamI13fadc_h_1353' is power-on initialization.
WARNING: [RTGEN 206-101] Register 'p_ZZ16hcal_cluster_hls7ap_uintILi3EES_ILi13EEPA12_S_ILi16EERN3hls6streamI13fadc_h_1354' is power-on initialization.
WARNING: [RTGEN 206-101] Register 'p_ZZ16hcal_cluster_hls7ap_uintILi3EES_ILi13EEPA12_S_ILi16EERN3hls6streamI13fadc_h_1893' is power-on initialization.
WARNING: [RTGEN 206-101] Register 'p_ZZ16hcal_cluster_hls7ap_uintILi3EES_ILi13EEPA12_S_ILi16EERN3hls6streamI13fadc_h_1894' is power-on initialization.
WARNING: [RTGEN 206-101] Register 'p_ZZ16hcal_cluster_hls7ap_uintILi3EES_ILi13EEPA12_S_ILi16EERN3hls6streamI13fadc_h_1355' is power-on initialization.
WARNING: [RTGEN 206-101] Register 'p_ZZ16hcal_cluster_hls7ap_uintILi3EES_ILi13EEPA12_S_ILi16EERN3hls6streamI13fadc_h_1356' is power-on initialization.
WARNING: [RTGEN 206-101] Register 'p_ZZ16hcal_cluster_hls7ap_uintILi3EES_ILi13EEPA12_S_ILi16EERN3hls6streamI13fadc_h_1895' is power-on initialization.
WARNING: [RTGEN 206-101] Register 'p_ZZ16hcal_cluster_hls7ap_uintILi3EES_ILi13EEPA12_S_ILi16EERN3hls6streamI13fadc_h_1896' is power-on initialization.
WARNING: [RTGEN 206-101] Register 'p_ZZ16hcal_cluster_hls7ap_uintILi3EES_ILi13EEPA12_S_ILi16EERN3hls6streamI13fadc_h_1357' is power-on initialization.
WARNING: [RTGEN 206-101] Register 'p_ZZ16hcal_cluster_hls7ap_uintILi3EES_ILi13EEPA12_S_ILi16EERN3hls6streamI13fadc_h_1358' is power-on initialization.
WARNING: [RTGEN 206-101] Register 'p_ZZ16hcal_cluster_hls7ap_uintILi3EES_ILi13EEPA12_S_ILi16EERN3hls6streamI13fadc_h_1897' is power-on initialization.
WARNING: [RTGEN 206-101] Register 'p_ZZ16hcal_cluster_hls7ap_uintILi3EES_ILi13EEPA12_S_ILi16EERN3hls6streamI13fadc_h_1898' is power-on initialization.
WARNING: [RTGEN 206-101] Register 'p_ZZ16hcal_cluster_hls7ap_uintILi3EES_ILi13EEPA12_S_ILi16EERN3hls6streamI13fadc_h_1359' is power-on initialization.
WARNING: [RTGEN 206-101] Register 'p_ZZ16hcal_cluster_hls7ap_uintILi3EES_ILi13EEPA12_S_ILi16EERN3hls6streamI13fadc_h_1360' is power-on initialization.
WARNING: [RTGEN 206-101] Register 'p_ZZ16hcal_cluster_hls7ap_uintILi3EES_ILi13EEPA12_S_ILi16EERN3hls6streamI13fadc_h_1901' is power-on initialization.
WARNING: [RTGEN 206-101] Register 'p_ZZ16hcal_cluster_hls7ap_uintILi3EES_ILi13EEPA12_S_ILi16EERN3hls6streamI13fadc_h_1902' is power-on initialization.
WARNING: [RTGEN 206-101] Register 'p_ZZ16hcal_cluster_hls7ap_uintILi3EES_ILi13EEPA12_S_ILi16EERN3hls6streamI13fadc_h_1363' is power-on initialization.
WARNING: [RTGEN 206-101] Register 'p_ZZ16hcal_cluster_hls7ap_uintILi3EES_ILi13EEPA12_S_ILi16EERN3hls6streamI13fadc_h_1364' is power-on initialization.
WARNING: [RTGEN 206-101] Register 'p_ZZ16hcal_cluster_hls7ap_uintILi3EES_ILi13EEPA12_S_ILi16EERN3hls6streamI13fadc_h_1869' is power-on initialization.
WARNING: [RTGEN 206-101] Register 'p_ZZ16hcal_cluster_hls7ap_uintILi3EES_ILi13EEPA12_S_ILi16EERN3hls6streamI13fadc_h_1870' is power-on initialization.
WARNING: [RTGEN 206-101] Register 'p_ZZ16hcal_cluster_hls7ap_uintILi3EES_ILi13EEPA12_S_ILi16EERN3hls6streamI13fadc_h_1331' is power-on initialization.
WARNING: [RTGEN 206-101] Register 'p_ZZ16hcal_cluster_hls7ap_uintILi3EES_ILi13EEPA12_S_ILi16EERN3hls6streamI13fadc_h_1332' is power-on initialization.
WARNING: [RTGEN 206-101] Register 'p_ZZ16hcal_cluster_hls7ap_uintILi3EES_ILi13EEPA12_S_ILi16EERN3hls6streamI13fadc_h_1913' is power-on initialization.
WARNING: [RTGEN 206-101] Register 'p_ZZ16hcal_cluster_hls7ap_uintILi3EES_ILi13EEPA12_S_ILi16EERN3hls6streamI13fadc_h_1914' is power-on initialization.
WARNING: [RTGEN 206-101] Register 'p_ZZ16hcal_cluster_hls7ap_uintILi3EES_ILi13EEPA12_S_ILi16EERN3hls6streamI13fadc_h_1375' is power-on initialization.
WARNING: [RTGEN 206-101] Register 'p_ZZ16hcal_cluster_hls7ap_uintILi3EES_ILi13EEPA12_S_ILi16EERN3hls6streamI13fadc_h_1376' is power-on initialization.
WARNING: [RTGEN 206-101] Register 'p_ZZ16hcal_cluster_hls7ap_uintILi3EES_ILi13EEPA12_S_ILi16EERN3hls6streamI13fadc_h_1917' is power-on initialization.
WARNING: [RTGEN 206-101] Register 'p_ZZ16hcal_cluster_hls7ap_uintILi3EES_ILi13EEPA12_S_ILi16EERN3hls6streamI13fadc_h_1918' is power-on initialization.
WARNING: [RTGEN 206-101] Register 'p_ZZ16hcal_cluster_hls7ap_uintILi3EES_ILi13EEPA12_S_ILi16EERN3hls6streamI13fadc_h_1379' is power-on initialization.
WARNING: [RTGEN 206-101] Register 'p_ZZ16hcal_cluster_hls7ap_uintILi3EES_ILi13EEPA12_S_ILi16EERN3hls6streamI13fadc_h_1380' is power-on initialization.
WARNING: [RTGEN 206-101] Register 'p_ZZ16hcal_cluster_hls7ap_uintILi3EES_ILi13EEPA12_S_ILi16EERN3hls6streamI13fadc_h_1873' is power-on initialization.
WARNING: [RTGEN 206-101] Register 'p_ZZ16hcal_cluster_hls7ap_uintILi3EES_ILi13EEPA12_S_ILi16EERN3hls6streamI13fadc_h_1874' is power-on initialization.
WARNING: [RTGEN 206-101] Register 'p_ZZ16hcal_cluster_hls7ap_uintILi3EES_ILi13EEPA12_S_ILi16EERN3hls6streamI13fadc_h_1335' is power-on initialization.
WARNING: [RTGEN 206-101] Register 'p_ZZ16hcal_cluster_hls7ap_uintILi3EES_ILi13EEPA12_S_ILi16EERN3hls6streamI13fadc_h_1336' is power-on initialization.
WARNING: [RTGEN 206-101] Register 'p_ZZ16hcal_cluster_hls7ap_uintILi3EES_ILi13EEPA12_S_ILi16EERN3hls6streamI13fadc_h_1871' is power-on initialization.
WARNING: [RTGEN 206-101] Register 'p_ZZ16hcal_cluster_hls7ap_uintILi3EES_ILi13EEPA12_S_ILi16EERN3hls6streamI13fadc_h_1872' is power-on initialization.
WARNING: [RTGEN 206-101] Register 'p_ZZ16hcal_cluster_hls7ap_uintILi3EES_ILi13EEPA12_S_ILi16EERN3hls6streamI13fadc_h_1333' is power-on initialization.
WARNING: [RTGEN 206-101] Register 'p_ZZ16hcal_cluster_hls7ap_uintILi3EES_ILi13EEPA12_S_ILi16EERN3hls6streamI13fadc_h_1334' is power-on initialization.
WARNING: [RTGEN 206-101] Register 'p_ZZ16hcal_cluster_hls7ap_uintILi3EES_ILi13EEPA12_S_ILi16EERN3hls6streamI13fadc_h_1935' is power-on initialization.
WARNING: [RTGEN 206-101] Register 'p_ZZ16hcal_cluster_hls7ap_uintILi3EES_ILi13EEPA12_S_ILi16EERN3hls6streamI13fadc_h_1936' is power-on initialization.
WARNING: [RTGEN 206-101] Register 'p_ZZ16hcal_cluster_hls7ap_uintILi3EES_ILi13EEPA12_S_ILi16EERN3hls6streamI13fadc_h_1397' is power-on initialization.
WARNING: [RTGEN 206-101] Register 'p_ZZ16hcal_cluster_hls7ap_uintILi3EES_ILi13EEPA12_S_ILi16EERN3hls6streamI13fadc_h_1398' is power-on initialization.
WARNING: [RTGEN 206-101] Register 'p_ZZ16hcal_cluster_hls7ap_uintILi3EES_ILi13EEPA12_S_ILi16EERN3hls6streamI13fadc_h_1943' is power-on initialization.
WARNING: [RTGEN 206-101] Register 'p_ZZ16hcal_cluster_hls7ap_uintILi3EES_ILi13EEPA12_S_ILi16EERN3hls6streamI13fadc_h_1944' is power-on initialization.
WARNING: [RTGEN 206-101] Register 'p_ZZ16hcal_cluster_hls7ap_uintILi3EES_ILi13EEPA12_S_ILi16EERN3hls6streamI13fadc_h_1405' is power-on initialization.
WARNING: [RTGEN 206-101] Register 'p_ZZ16hcal_cluster_hls7ap_uintILi3EES_ILi13EEPA12_S_ILi16EERN3hls6streamI13fadc_h_1406' is power-on initialization.
WARNING: [RTGEN 206-101] Register 'p_ZZ16hcal_cluster_hls7ap_uintILi3EES_ILi13EEPA12_S_ILi16EERN3hls6streamI13fadc_h_1915' is power-on initialization.
WARNING: [RTGEN 206-101] Register 'p_ZZ16hcal_cluster_hls7ap_uintILi3EES_ILi13EEPA12_S_ILi16EERN3hls6streamI13fadc_h_1916' is power-on initialization.
WARNING: [RTGEN 206-101] Register 'p_ZZ16hcal_cluster_hls7ap_uintILi3EES_ILi13EEPA12_S_ILi16EERN3hls6streamI13fadc_h_1377' is power-on initialization.
WARNING: [RTGEN 206-101] Register 'p_ZZ16hcal_cluster_hls7ap_uintILi3EES_ILi13EEPA12_S_ILi16EERN3hls6streamI13fadc_h_1378' is power-on initialization.
WARNING: [RTGEN 206-101] Register 'p_ZZ16hcal_cluster_hls7ap_uintILi3EES_ILi13EEPA12_S_ILi16EERN3hls6streamI13fadc_h_1919' is power-on initialization.
WARNING: [RTGEN 206-101] Register 'p_ZZ16hcal_cluster_hls7ap_uintILi3EES_ILi13EEPA12_S_ILi16EERN3hls6streamI13fadc_h_1920' is power-on initialization.
WARNING: [RTGEN 206-101] Register 'p_ZZ16hcal_cluster_hls7ap_uintILi3EES_ILi13EEPA12_S_ILi16EERN3hls6streamI13fadc_h_1381' is power-on initialization.
WARNING: [RTGEN 206-101] Register 'p_ZZ16hcal_cluster_hls7ap_uintILi3EES_ILi13EEPA12_S_ILi16EERN3hls6streamI13fadc_h_1382' is power-on initialization.
WARNING: [RTGEN 206-101] Register 'p_ZZ16hcal_cluster_hls7ap_uintILi3EES_ILi13EEPA12_S_ILi16EERN3hls6streamI13fadc_h_1875' is power-on initialization.
WARNING: [RTGEN 206-101] Register 'p_ZZ16hcal_cluster_hls7ap_uintILi3EES_ILi13EEPA12_S_ILi16EERN3hls6streamI13fadc_h_1876' is power-on initialization.
WARNING: [RTGEN 206-101] Register 'p_ZZ16hcal_cluster_hls7ap_uintILi3EES_ILi13EEPA12_S_ILi16EERN3hls6streamI13fadc_h_1337' is power-on initialization.
WARNING: [RTGEN 206-101] Register 'p_ZZ16hcal_cluster_hls7ap_uintILi3EES_ILi13EEPA12_S_ILi16EERN3hls6streamI13fadc_h_1338' is power-on initialization.
WARNING: [RTGEN 206-101] Register 'p_ZZ16hcal_cluster_hls7ap_uintILi3EES_ILi13EEPA12_S_ILi16EERN3hls6streamI13fadc_h_1921' is power-on initialization.
WARNING: [RTGEN 206-101] Register 'p_ZZ16hcal_cluster_hls7ap_uintILi3EES_ILi13EEPA12_S_ILi16EERN3hls6streamI13fadc_h_1922' is power-on initialization.
WARNING: [RTGEN 206-101] Register 'p_ZZ16hcal_cluster_hls7ap_uintILi3EES_ILi13EEPA12_S_ILi16EERN3hls6streamI13fadc_h_1383' is power-on initialization.
WARNING: [RTGEN 206-101] Register 'p_ZZ16hcal_cluster_hls7ap_uintILi3EES_ILi13EEPA12_S_ILi16EERN3hls6streamI13fadc_h_1384' is power-on initialization.
WARNING: [RTGEN 206-101] Register 'p_ZZ16hcal_cluster_hls7ap_uintILi3EES_ILi13EEPA12_S_ILi16EERN3hls6streamI13fadc_h_1903' is power-on initialization.
WARNING: [RTGEN 206-101] Register 'p_ZZ16hcal_cluster_hls7ap_uintILi3EES_ILi13EEPA12_S_ILi16EERN3hls6streamI13fadc_h_1904' is power-on initialization.
WARNING: [RTGEN 206-101] Register 'p_ZZ16hcal_cluster_hls7ap_uintILi3EES_ILi13EEPA12_S_ILi16EERN3hls6streamI13fadc_h_1365' is power-on initialization.
WARNING: [RTGEN 206-101] Register 'p_ZZ16hcal_cluster_hls7ap_uintILi3EES_ILi13EEPA12_S_ILi16EERN3hls6streamI13fadc_h_1366' is power-on initialization.
WARNING: [RTGEN 206-101] Register 'p_ZZ16hcal_cluster_hls7ap_uintILi3EES_ILi13EEPA12_S_ILi16EERN3hls6streamI13fadc_h_1923' is power-on initialization.
WARNING: [RTGEN 206-101] Register 'p_ZZ16hcal_cluster_hls7ap_uintILi3EES_ILi13EEPA12_S_ILi16EERN3hls6streamI13fadc_h_1924' is power-on initialization.
WARNING: [RTGEN 206-101] Register 'p_ZZ16hcal_cluster_hls7ap_uintILi3EES_ILi13EEPA12_S_ILi16EERN3hls6streamI13fadc_h_1385' is power-on initialization.
WARNING: [RTGEN 206-101] Register 'p_ZZ16hcal_cluster_hls7ap_uintILi3EES_ILi13EEPA12_S_ILi16EERN3hls6streamI13fadc_h_1386' is power-on initialization.
WARNING: [RTGEN 206-101] Register 'p_ZZ16hcal_cluster_hls7ap_uintILi3EES_ILi13EEPA12_S_ILi16EERN3hls6streamI13fadc_h_1905' is power-on initialization.
WARNING: [RTGEN 206-101] Register 'p_ZZ16hcal_cluster_hls7ap_uintILi3EES_ILi13EEPA12_S_ILi16EERN3hls6streamI13fadc_h_1906' is power-on initialization.
WARNING: [RTGEN 206-101] Register 'p_ZZ16hcal_cluster_hls7ap_uintILi3EES_ILi13EEPA12_S_ILi16EERN3hls6streamI13fadc_h_1367' is power-on initialization.
WARNING: [RTGEN 206-101] Register 'p_ZZ16hcal_cluster_hls7ap_uintILi3EES_ILi13EEPA12_S_ILi16EERN3hls6streamI13fadc_h_1368' is power-on initialization.
WARNING: [RTGEN 206-101] Register 'p_ZZ16hcal_cluster_hls7ap_uintILi3EES_ILi13EEPA12_S_ILi16EERN3hls6streamI13fadc_h_1925' is power-on initialization.
WARNING: [RTGEN 206-101] Register 'p_ZZ16hcal_cluster_hls7ap_uintILi3EES_ILi13EEPA12_S_ILi16EERN3hls6streamI13fadc_h_1926' is power-on initialization.
WARNING: [RTGEN 206-101] Register 'p_ZZ16hcal_cluster_hls7ap_uintILi3EES_ILi13EEPA12_S_ILi16EERN3hls6streamI13fadc_h_1387' is power-on initialization.
WARNING: [RTGEN 206-101] Register 'p_ZZ16hcal_cluster_hls7ap_uintILi3EES_ILi13EEPA12_S_ILi16EERN3hls6streamI13fadc_h_1388' is power-on initialization.
WARNING: [RTGEN 206-101] Register 'p_ZZ16hcal_cluster_hls7ap_uintILi3EES_ILi13EEPA12_S_ILi16EERN3hls6streamI13fadc_h_1927' is power-on initialization.
WARNING: [RTGEN 206-101] Register 'p_ZZ16hcal_cluster_hls7ap_uintILi3EES_ILi13EEPA12_S_ILi16EERN3hls6streamI13fadc_h_1928' is power-on initialization.
WARNING: [RTGEN 206-101] Register 'p_ZZ16hcal_cluster_hls7ap_uintILi3EES_ILi13EEPA12_S_ILi16EERN3hls6streamI13fadc_h_1389' is power-on initialization.
WARNING: [RTGEN 206-101] Register 'p_ZZ16hcal_cluster_hls7ap_uintILi3EES_ILi13EEPA12_S_ILi16EERN3hls6streamI13fadc_h_1390' is power-on initialization.
WARNING: [RTGEN 206-101] Register 'p_ZZ16hcal_cluster_hls7ap_uintILi3EES_ILi13EEPA12_S_ILi16EERN3hls6streamI13fadc_h_1931' is power-on initialization.
WARNING: [RTGEN 206-101] Register 'p_ZZ16hcal_cluster_hls7ap_uintILi3EES_ILi13EEPA12_S_ILi16EERN3hls6streamI13fadc_h_1932' is power-on initialization.
WARNING: [RTGEN 206-101] Register 'p_ZZ16hcal_cluster_hls7ap_uintILi3EES_ILi13EEPA12_S_ILi16EERN3hls6streamI13fadc_h_1393' is power-on initialization.
WARNING: [RTGEN 206-101] Register 'p_ZZ16hcal_cluster_hls7ap_uintILi3EES_ILi13EEPA12_S_ILi16EERN3hls6streamI13fadc_h_1394' is power-on initialization.
WARNING: [RTGEN 206-101] Register 'p_ZZ16hcal_cluster_hls7ap_uintILi3EES_ILi13EEPA12_S_ILi16EERN3hls6streamI13fadc_h_1933' is power-on initialization.
WARNING: [RTGEN 206-101] Register 'p_ZZ16hcal_cluster_hls7ap_uintILi3EES_ILi13EEPA12_S_ILi16EERN3hls6streamI13fadc_h_1934' is power-on initialization.
WARNING: [RTGEN 206-101] Register 'p_ZZ16hcal_cluster_hls7ap_uintILi3EES_ILi13EEPA12_S_ILi16EERN3hls6streamI13fadc_h_1395' is power-on initialization.
WARNING: [RTGEN 206-101] Register 'p_ZZ16hcal_cluster_hls7ap_uintILi3EES_ILi13EEPA12_S_ILi16EERN3hls6streamI13fadc_h_1396' is power-on initialization.
WARNING: [RTGEN 206-101] Register 'p_ZZ16hcal_cluster_hls7ap_uintILi3EES_ILi13EEPA12_S_ILi16EERN3hls6streamI13fadc_h_1937' is power-on initialization.
WARNING: [RTGEN 206-101] Register 'p_ZZ16hcal_cluster_hls7ap_uintILi3EES_ILi13EEPA12_S_ILi16EERN3hls6streamI13fadc_h_1938' is power-on initialization.
WARNING: [RTGEN 206-101] Register 'p_ZZ16hcal_cluster_hls7ap_uintILi3EES_ILi13EEPA12_S_ILi16EERN3hls6streamI13fadc_h_1399' is power-on initialization.
WARNING: [RTGEN 206-101] Register 'p_ZZ16hcal_cluster_hls7ap_uintILi3EES_ILi13EEPA12_S_ILi16EERN3hls6streamI13fadc_h_1400' is power-on initialization.
WARNING: [RTGEN 206-101] Register 'p_ZZ16hcal_cluster_hls7ap_uintILi3EES_ILi13EEPA12_S_ILi16EERN3hls6streamI13fadc_h_1909' is power-on initialization.
WARNING: [RTGEN 206-101] Register 'p_ZZ16hcal_cluster_hls7ap_uintILi3EES_ILi13EEPA12_S_ILi16EERN3hls6streamI13fadc_h_1910' is power-on initialization.
WARNING: [RTGEN 206-101] Register 'p_ZZ16hcal_cluster_hls7ap_uintILi3EES_ILi13EEPA12_S_ILi16EERN3hls6streamI13fadc_h_1371' is power-on initialization.
WARNING: [RTGEN 206-101] Register 'p_ZZ16hcal_cluster_hls7ap_uintILi3EES_ILi13EEPA12_S_ILi16EERN3hls6streamI13fadc_h_1372' is power-on initialization.
WARNING: [RTGEN 206-101] Register 'p_ZZ16hcal_cluster_hls7ap_uintILi3EES_ILi13EEPA12_S_ILi16EERN3hls6streamI13fadc_h_1911' is power-on initialization.
WARNING: [RTGEN 206-101] Register 'p_ZZ16hcal_cluster_hls7ap_uintILi3EES_ILi13EEPA12_S_ILi16EERN3hls6streamI13fadc_h_1912' is power-on initialization.
WARNING: [RTGEN 206-101] Register 'p_ZZ16hcal_cluster_hls7ap_uintILi3EES_ILi13EEPA12_S_ILi16EERN3hls6streamI13fadc_h_1373' is power-on initialization.
WARNING: [RTGEN 206-101] Register 'p_ZZ16hcal_cluster_hls7ap_uintILi3EES_ILi13EEPA12_S_ILi16EERN3hls6streamI13fadc_h_1374' is power-on initialization.
WARNING: [RTGEN 206-101] Register 'p_ZZ16hcal_cluster_hls7ap_uintILi3EES_ILi13EEPA12_S_ILi16EERN3hls6streamI13fadc_h_1939' is power-on initialization.
WARNING: [RTGEN 206-101] Register 'p_ZZ16hcal_cluster_hls7ap_uintILi3EES_ILi13EEPA12_S_ILi16EERN3hls6streamI13fadc_h_1940' is power-on initialization.
WARNING: [RTGEN 206-101] Register 'p_ZZ16hcal_cluster_hls7ap_uintILi3EES_ILi13EEPA12_S_ILi16EERN3hls6streamI13fadc_h_1401' is power-on initialization.
WARNING: [RTGEN 206-101] Register 'p_ZZ16hcal_cluster_hls7ap_uintILi3EES_ILi13EEPA12_S_ILi16EERN3hls6streamI13fadc_h_1402' is power-on initialization.
WARNING: [RTGEN 206-101] Register 'p_ZZ16hcal_cluster_hls7ap_uintILi3EES_ILi13EEPA12_S_ILi16EERN3hls6streamI13fadc_h_1941' is power-on initialization.
WARNING: [RTGEN 206-101] Register 'p_ZZ16hcal_cluster_hls7ap_uintILi3EES_ILi13EEPA12_S_ILi16EERN3hls6streamI13fadc_h_1942' is power-on initialization.
WARNING: [RTGEN 206-101] Register 'p_ZZ16hcal_cluster_hls7ap_uintILi3EES_ILi13EEPA12_S_ILi16EERN3hls6streamI13fadc_h_1403' is power-on initialization.
WARNING: [RTGEN 206-101] Register 'p_ZZ16hcal_cluster_hls7ap_uintILi3EES_ILi13EEPA12_S_ILi16EERN3hls6streamI13fadc_h_1404' is power-on initialization.
WARNING: [RTGEN 206-101] Register 'p_ZZ16hcal_cluster_hls7ap_uintILi3EES_ILi13EEPA12_S_ILi16EERN3hls6streamI13fadc_h_1945' is power-on initialization.
WARNING: [RTGEN 206-101] Register 'p_ZZ16hcal_cluster_hls7ap_uintILi3EES_ILi13EEPA12_S_ILi16EERN3hls6streamI13fadc_h_1946' is power-on initialization.
WARNING: [RTGEN 206-101] Register 'p_ZZ16hcal_cluster_hls7ap_uintILi3EES_ILi13EEPA12_S_ILi16EERN3hls6streamI13fadc_h_1407' is power-on initialization.
WARNING: [RTGEN 206-101] Register 'p_ZZ16hcal_cluster_hls7ap_uintILi3EES_ILi13EEPA12_S_ILi16EERN3hls6streamI13fadc_h_1408' is power-on initialization.
WARNING: [RTGEN 206-101] Port 'hcal_cluster_hls/cluster_threshold_0_0' has no fanin or fanout and is left dangling.
               Please use C simulation to confirm this function argument can be read from or written to.
WARNING: [RTGEN 206-101] Port 'hcal_cluster_hls/cluster_threshold_0_1' has no fanin or fanout and is left dangling.
               Please use C simulation to confirm this function argument can be read from or written to.
WARNING: [RTGEN 206-101] Port 'hcal_cluster_hls/cluster_threshold_0_2' has no fanin or fanout and is left dangling.
               Please use C simulation to confirm this function argument can be read from or written to.
WARNING: [RTGEN 206-101] Port 'hcal_cluster_hls/cluster_threshold_0_3' has no fanin or fanout and is left dangling.
               Please use C simulation to confirm this function argument can be read from or written to.
WARNING: [RTGEN 206-101] Port 'hcal_cluster_hls/cluster_threshold_0_4' has no fanin or fanout and is left dangling.
               Please use C simulation to confirm this function argument can be read from or written to.
WARNING: [RTGEN 206-101] Port 'hcal_cluster_hls/cluster_threshold_0_5' has no fanin or fanout and is left dangling.
               Please use C simulation to confirm this function argument can be read from or written to.
WARNING: [RTGEN 206-101] Port 'hcal_cluster_hls/cluster_threshold_0_6' has no fanin or fanout and is left dangling.
               Please use C simulation to confirm this function argument can be read from or written to.
WARNING: [RTGEN 206-101] Port 'hcal_cluster_hls/cluster_threshold_0_7' has no fanin or fanout and is left dangling.
               Please use C simulation to confirm this function argument can be read from or written to.
WARNING: [RTGEN 206-101] Port 'hcal_cluster_hls/cluster_threshold_0_8' has no fanin or fanout and is left dangling.
               Please use C simulation to confirm this function argument can be read from or written to.
WARNING: [RTGEN 206-101] Port 'hcal_cluster_hls/cluster_threshold_0_9' has no fanin or fanout and is left dangling.
               Please use C simulation to confirm this function argument can be read from or written to.
WARNING: [RTGEN 206-101] Port 'hcal_cluster_hls/cluster_threshold_0_10' has no fanin or fanout and is left dangling.
               Please use C simulation to confirm this function argument can be read from or written to.
WARNING: [RTGEN 206-101] Port 'hcal_cluster_hls/cluster_threshold_0_11' has no fanin or fanout and is left dangling.
               Please use C simulation to confirm this function argument can be read from or written to.
WARNING: [RTGEN 206-101] Port 'hcal_cluster_hls/cluster_threshold_1_0' has no fanin or fanout and is left dangling.
               Please use C simulation to confirm this function argument can be read from or written to.
WARNING: [RTGEN 206-101] Port 'hcal_cluster_hls/cluster_threshold_1_11' has no fanin or fanout and is left dangling.
               Please use C simulation to confirm this function argument can be read from or written to.
WARNING: [RTGEN 206-101] Port 'hcal_cluster_hls/cluster_threshold_2_0' has no fanin or fanout and is left dangling.
               Please use C simulation to confirm this function argument can be read from or written to.
WARNING: [RTGEN 206-101] Port 'hcal_cluster_hls/cluster_threshold_2_11' has no fanin or fanout and is left dangling.
               Please use C simulation to confirm this function argument can be read from or written to.
WARNING: [RTGEN 206-101] Port 'hcal_cluster_hls/cluster_threshold_3_0' has no fanin or fanout and is left dangling.
               Please use C simulation to confirm this function argument can be read from or written to.
WARNING: [RTGEN 206-101] Port 'hcal_cluster_hls/cluster_threshold_3_11' has no fanin or fanout and is left dangling.
               Please use C simulation to confirm this function argument can be read from or written to.
WARNING: [RTGEN 206-101] Port 'hcal_cluster_hls/cluster_threshold_4_0' has no fanin or fanout and is left dangling.
               Please use C simulation to confirm this function argument can be read from or written to.
WARNING: [RTGEN 206-101] Port 'hcal_cluster_hls/cluster_threshold_4_11' has no fanin or fanout and is left dangling.
               Please use C simulation to confirm this function argument can be read from or written to.
WARNING: [RTGEN 206-101] Port 'hcal_cluster_hls/cluster_threshold_5_0' has no fanin or fanout and is left dangling.
               Please use C simulation to confirm this function argument can be read from or written to.
WARNING: [RTGEN 206-101] Port 'hcal_cluster_hls/cluster_threshold_5_11' has no fanin or fanout and is left dangling.
               Please use C simulation to confirm this function argument can be read from or written to.
WARNING: [RTGEN 206-101] Port 'hcal_cluster_hls/cluster_threshold_6_0' has no fanin or fanout and is left dangling.
               Please use C simulation to confirm this function argument can be read from or written to.
WARNING: [RTGEN 206-101] Port 'hcal_cluster_hls/cluster_threshold_6_11' has no fanin or fanout and is left dangling.
               Please use C simulation to confirm this function argument can be read from or written to.
WARNING: [RTGEN 206-101] Port 'hcal_cluster_hls/cluster_threshold_7_0' has no fanin or fanout and is left dangling.
               Please use C simulation to confirm this function argument can be read from or written to.
WARNING: [RTGEN 206-101] Port 'hcal_cluster_hls/cluster_threshold_7_11' has no fanin or fanout and is left dangling.
               Please use C simulation to confirm this function argument can be read from or written to.
WARNING: [RTGEN 206-101] Port 'hcal_cluster_hls/cluster_threshold_8_0' has no fanin or fanout and is left dangling.
               Please use C simulation to confirm this function argument can be read from or written to.
WARNING: [RTGEN 206-101] Port 'hcal_cluster_hls/cluster_threshold_8_11' has no fanin or fanout and is left dangling.
               Please use C simulation to confirm this function argument can be read from or written to.
WARNING: [RTGEN 206-101] Port 'hcal_cluster_hls/cluster_threshold_9_0' has no fanin or fanout and is left dangling.
               Please use C simulation to confirm this function argument can be read from or written to.
WARNING: [RTGEN 206-101] Port 'hcal_cluster_hls/cluster_threshold_9_11' has no fanin or fanout and is left dangling.
               Please use C simulation to confirm this function argument can be read from or written to.
WARNING: [RTGEN 206-101] Port 'hcal_cluster_hls/cluster_threshold_10_0' has no fanin or fanout and is left dangling.
               Please use C simulation to confirm this function argument can be read from or written to.
WARNING: [RTGEN 206-101] Port 'hcal_cluster_hls/cluster_threshold_10_11' has no fanin or fanout and is left dangling.
               Please use C simulation to confirm this function argument can be read from or written to.
WARNING: [RTGEN 206-101] Port 'hcal_cluster_hls/cluster_threshold_11_0' has no fanin or fanout and is left dangling.
               Please use C simulation to confirm this function argument can be read from or written to.
WARNING: [RTGEN 206-101] Port 'hcal_cluster_hls/cluster_threshold_11_11' has no fanin or fanout and is left dangling.
               Please use C simulation to confirm this function argument can be read from or written to.
WARNING: [RTGEN 206-101] Port 'hcal_cluster_hls/cluster_threshold_12_0' has no fanin or fanout and is left dangling.
               Please use C simulation to confirm this function argument can be read from or written to.
WARNING: [RTGEN 206-101] Port 'hcal_cluster_hls/cluster_threshold_12_11' has no fanin or fanout and is left dangling.
               Please use C simulation to confirm this function argument can be read from or written to.
WARNING: [RTGEN 206-101] Port 'hcal_cluster_hls/cluster_threshold_13_0' has no fanin or fanout and is left dangling.
               Please use C simulation to confirm this function argument can be read from or written to.
WARNING: [RTGEN 206-101] Port 'hcal_cluster_hls/cluster_threshold_13_11' has no fanin or fanout and is left dangling.
               Please use C simulation to confirm this function argument can be read from or written to.
WARNING: [RTGEN 206-101] Port 'hcal_cluster_hls/cluster_threshold_14_0' has no fanin or fanout and is left dangling.
               Please use C simulation to confirm this function argument can be read from or written to.
WARNING: [RTGEN 206-101] Port 'hcal_cluster_hls/cluster_threshold_14_11' has no fanin or fanout and is left dangling.
               Please use C simulation to confirm this function argument can be read from or written to.
WARNING: [RTGEN 206-101] Port 'hcal_cluster_hls/cluster_threshold_15_0' has no fanin or fanout and is left dangling.
               Please use C simulation to confirm this function argument can be read from or written to.
WARNING: [RTGEN 206-101] Port 'hcal_cluster_hls/cluster_threshold_15_11' has no fanin or fanout and is left dangling.
               Please use C simulation to confirm this function argument can be read from or written to.
WARNING: [RTGEN 206-101] Port 'hcal_cluster_hls/cluster_threshold_16_0' has no fanin or fanout and is left dangling.
               Please use C simulation to confirm this function argument can be read from or written to.
WARNING: [RTGEN 206-101] Port 'hcal_cluster_hls/cluster_threshold_16_11' has no fanin or fanout and is left dangling.
               Please use C simulation to confirm this function argument can be read from or written to.
WARNING: [RTGEN 206-101] Port 'hcal_cluster_hls/cluster_threshold_17_0' has no fanin or fanout and is left dangling.
               Please use C simulation to confirm this function argument can be read from or written to.
WARNING: [RTGEN 206-101] Port 'hcal_cluster_hls/cluster_threshold_17_11' has no fanin or fanout and is left dangling.
               Please use C simulation to confirm this function argument can be read from or written to.
WARNING: [RTGEN 206-101] Port 'hcal_cluster_hls/cluster_threshold_18_0' has no fanin or fanout and is left dangling.
               Please use C simulation to confirm this function argument can be read from or written to.
WARNING: [RTGEN 206-101] Port 'hcal_cluster_hls/cluster_threshold_18_11' has no fanin or fanout and is left dangling.
               Please use C simulation to confirm this function argument can be read from or written to.
WARNING: [RTGEN 206-101] Port 'hcal_cluster_hls/cluster_threshold_19_0' has no fanin or fanout and is left dangling.
               Please use C simulation to confirm this function argument can be read from or written to.
WARNING: [RTGEN 206-101] Port 'hcal_cluster_hls/cluster_threshold_19_11' has no fanin or fanout and is left dangling.
               Please use C simulation to confirm this function argument can be read from or written to.
WARNING: [RTGEN 206-101] Port 'hcal_cluster_hls/cluster_threshold_20_0' has no fanin or fanout and is left dangling.
               Please use C simulation to confirm this function argument can be read from or written to.
WARNING: [RTGEN 206-101] Port 'hcal_cluster_hls/cluster_threshold_20_11' has no fanin or fanout and is left dangling.
               Please use C simulation to confirm this function argument can be read from or written to.
WARNING: [RTGEN 206-101] Port 'hcal_cluster_hls/cluster_threshold_21_0' has no fanin or fanout and is left dangling.
               Please use C simulation to confirm this function argument can be read from or written to.
WARNING: [RTGEN 206-101] Port 'hcal_cluster_hls/cluster_threshold_21_11' has no fanin or fanout and is left dangling.
               Please use C simulation to confirm this function argument can be read from or written to.
WARNING: [RTGEN 206-101] Port 'hcal_cluster_hls/cluster_threshold_22_0' has no fanin or fanout and is left dangling.
               Please use C simulation to confirm this function argument can be read from or written to.
WARNING: [RTGEN 206-101] Port 'hcal_cluster_hls/cluster_threshold_22_11' has no fanin or fanout and is left dangling.
               Please use C simulation to confirm this function argument can be read from or written to.
WARNING: [RTGEN 206-101] Port 'hcal_cluster_hls/cluster_threshold_23_0' has no fanin or fanout and is left dangling.
               Please use C simulation to confirm this function argument can be read from or written to.
WARNING: [RTGEN 206-101] Port 'hcal_cluster_hls/cluster_threshold_23_1' has no fanin or fanout and is left dangling.
               Please use C simulation to confirm this function argument can be read from or written to.
WARNING: [RTGEN 206-101] Port 'hcal_cluster_hls/cluster_threshold_23_2' has no fanin or fanout and is left dangling.
               Please use C simulation to confirm this function argument can be read from or written to.
WARNING: [RTGEN 206-101] Port 'hcal_cluster_hls/cluster_threshold_23_3' has no fanin or fanout and is left dangling.
               Please use C simulation to confirm this function argument can be read from or written to.
WARNING: [RTGEN 206-101] Port 'hcal_cluster_hls/cluster_threshold_23_4' has no fanin or fanout and is left dangling.
               Please use C simulation to confirm this function argument can be read from or written to.
WARNING: [RTGEN 206-101] Port 'hcal_cluster_hls/cluster_threshold_23_5' has no fanin or fanout and is left dangling.
               Please use C simulation to confirm this function argument can be read from or written to.
WARNING: [RTGEN 206-101] Port 'hcal_cluster_hls/cluster_threshold_23_6' has no fanin or fanout and is left dangling.
               Please use C simulation to confirm this function argument can be read from or written to.
WARNING: [RTGEN 206-101] Port 'hcal_cluster_hls/cluster_threshold_23_7' has no fanin or fanout and is left dangling.
               Please use C simulation to confirm this function argument can be read from or written to.
WARNING: [RTGEN 206-101] Port 'hcal_cluster_hls/cluster_threshold_23_8' has no fanin or fanout and is left dangling.
               Please use C simulation to confirm this function argument can be read from or written to.
WARNING: [RTGEN 206-101] Port 'hcal_cluster_hls/cluster_threshold_23_9' has no fanin or fanout and is left dangling.
               Please use C simulation to confirm this function argument can be read from or written to.
WARNING: [RTGEN 206-101] Port 'hcal_cluster_hls/cluster_threshold_23_10' has no fanin or fanout and is left dangling.
               Please use C simulation to confirm this function argument can be read from or written to.
WARNING: [RTGEN 206-101] Port 'hcal_cluster_hls/cluster_threshold_23_11' has no fanin or fanout and is left dangling.
               Please use C simulation to confirm this function argument can be read from or written to.
INFO: [RTGEN 206-104] Estimated max fanout for 'hcal_cluster_hls' is 34897 from HDL expression: ((1'b1 == ap_CS_fsm_state1) & (1'b0 == ap_block_state1))
INFO: [RTGEN 206-100] Finished creating RTL model for 'hcal_cluster_hls'.
INFO: [HLS 200-111] Finished Creating RTL model: CPU user time: 318.04 seconds. CPU system time: 2.85 seconds. Elapsed time: 332.16 seconds; current allocated memory: 2.990 GB.
INFO: [HLS 200-111] Finished Generating all RTL models: CPU user time: 471.01 seconds. CPU system time: 6.45 seconds. Elapsed time: 485.81 seconds; current allocated memory: 4.490 GB.
INFO: [HLS 200-111] Finished Updating report files: CPU user time: 95.01 seconds. CPU system time: 0.51 seconds. Elapsed time: 95.74 seconds; current allocated memory: 4.740 GB.
INFO: [VHDL 208-304] Generating VHDL RTL for hcal_cluster_hls.
INFO: [VLOG 209-307] Generating Verilog RTL for hcal_cluster_hls.
INFO: [HLS 200-789] **** Estimated Fmax: 47.66 MHz
INFO: [HLS 200-111] Finished Command csynth_design CPU user time: 3247.12 seconds. CPU system time: 19.02 seconds. Elapsed time: 3291.87 seconds; current allocated memory: 4.340 GB.
INFO: [HLS 200-112] Total CPU user time: 3252.47 seconds. Total CPU system time: 19.72 seconds. Total elapsed time: 3297.94 seconds; peak allocated memory: 4.740 GB.
